Edad (año a año);Sexo;Españoles/Extranjeros;Año;Total
0 años;Ambos sexos;TOTAL;2022;320.653
0 años;Ambos sexos;TOTAL;2021;322.549
0 años;Ambos sexos;TOTAL;2020;343.126
0 años;Ambos sexos;TOTAL;2019;356.459
0 años;Ambos sexos;TOTAL;2018;377.865
0 años;Ambos sexos;TOTAL;2017;394.496
0 años;Ambos sexos;TOTAL;2016;402.077
0 años;Ambos sexos;TOTAL;2015;407.249
0 años;Ambos sexos;TOTAL;2014;406.750
0 años;Ambos sexos;TOTAL;2013;431.788
0 años;Ambos sexos;TOTAL;2012;444.251
0 años;Ambos sexos;TOTAL;2011;460.270
0 años;Ambos sexos;TOTAL;2010;468.731
0 años;Ambos sexos;TOTAL;2009;484.176
0 años;Ambos sexos;TOTAL;2008;452.016
0 años;Ambos sexos;TOTAL;2007;424.058
0 años;Ambos sexos;TOTAL;2006;423.881
0 años;Ambos sexos;TOTAL;2005;405.687
0 años;Ambos sexos;TOTAL;2004;373.876
0 años;Ambos sexos;TOTAL;2003;367.822
0 años;Ambos sexos;TOTAL;2002;348.915
0 años;Ambos sexos;TOTAL;2001;332.272
0 años;Ambos sexos;TOTAL;2000;298.452
0 años;Ambos sexos;TOTAL;1999;311.939
0 años;Ambos sexos;TOTAL;1998;278.295
1 año;Ambos sexos;TOTAL;2022;340.664
1 año;Ambos sexos;TOTAL;2021;358.635
1 año;Ambos sexos;TOTAL;2020;375.732
1 año;Ambos sexos;TOTAL;2019;395.516
1 año;Ambos sexos;TOTAL;2018;411.876
1 año;Ambos sexos;TOTAL;2017;420.223
1 año;Ambos sexos;TOTAL;2016;425.796
1 año;Ambos sexos;TOTAL;2015;422.645
1 año;Ambos sexos;TOTAL;2014;451.468
1 año;Ambos sexos;TOTAL;2013;467.358
1 año;Ambos sexos;TOTAL;2012;482.567
1 año;Ambos sexos;TOTAL;2011;493.878
1 año;Ambos sexos;TOTAL;2010;517.329
1 año;Ambos sexos;TOTAL;2009;493.081
1 año;Ambos sexos;TOTAL;2008;477.235
1 año;Ambos sexos;TOTAL;2007;462.458
1 año;Ambos sexos;TOTAL;2006;448.628
1 año;Ambos sexos;TOTAL;2005;428.836
1 año;Ambos sexos;TOTAL;2004;395.636
1 año;Ambos sexos;TOTAL;2003;387.550
1 año;Ambos sexos;TOTAL;2002;364.314
1 año;Ambos sexos;TOTAL;2001;328.931
1 año;Ambos sexos;TOTAL;2000;325.929
1 año;Ambos sexos;TOTAL;1999;323.760
1 año;Ambos sexos;TOTAL;1998;321.245
2 años;Ambos sexos;TOTAL;2022;360.104
2 años;Ambos sexos;TOTAL;2021;375.755
2 años;Ambos sexos;TOTAL;2020;400.432
2 años;Ambos sexos;TOTAL;2019;416.343
2 años;Ambos sexos;TOTAL;2018;423.430
2 años;Ambos sexos;TOTAL;2017;428.071
2 años;Ambos sexos;TOTAL;2016;424.068
2 años;Ambos sexos;TOTAL;2015;450.775
2 años;Ambos sexos;TOTAL;2014;466.680
2 años;Ambos sexos;TOTAL;2013;481.244
2 años;Ambos sexos;TOTAL;2012;493.028
2 años;Ambos sexos;TOTAL;2011;517.203
2 años;Ambos sexos;TOTAL;2010;496.125
2 años;Ambos sexos;TOTAL;2009;485.720
2 años;Ambos sexos;TOTAL;2008;472.816
2 años;Ambos sexos;TOTAL;2007;457.946
2 años;Ambos sexos;TOTAL;2006;443.324
2 años;Ambos sexos;TOTAL;2005;418.055
2 años;Ambos sexos;TOTAL;2004;405.354
2 años;Ambos sexos;TOTAL;2003;391.336
2 años;Ambos sexos;TOTAL;2002;351.535
2 años;Ambos sexos;TOTAL;2001;342.360
2 años;Ambos sexos;TOTAL;2000;340.821
2 años;Ambos sexos;TOTAL;1999;329.309
2 años;Ambos sexos;TOTAL;1998;359.660
3 años;Ambos sexos;TOTAL;2022;380.995
3 años;Ambos sexos;TOTAL;2021;403.954
3 años;Ambos sexos;TOTAL;2020;425.154
3 años;Ambos sexos;TOTAL;2019;430.729
3 años;Ambos sexos;TOTAL;2018;434.215
3 años;Ambos sexos;TOTAL;2017;428.153
3 años;Ambos sexos;TOTAL;2016;453.856
3 años;Ambos sexos;TOTAL;2015;468.429
3 años;Ambos sexos;TOTAL;2014;483.271
3 años;Ambos sexos;TOTAL;2013;494.962
3 años;Ambos sexos;TOTAL;2012;521.247
3 años;Ambos sexos;TOTAL;2011;501.441
3 años;Ambos sexos;TOTAL;2010;495.254
3 años;Ambos sexos;TOTAL;2009;482.503
3 años;Ambos sexos;TOTAL;2008;472.481
3 años;Ambos sexos;TOTAL;2007;455.456
3 años;Ambos sexos;TOTAL;2006;430.480
3 años;Ambos sexos;TOTAL;2005;422.477
3 años;Ambos sexos;TOTAL;2004;406.973
3 años;Ambos sexos;TOTAL;2003;377.743
3 años;Ambos sexos;TOTAL;2002;359.174
3 años;Ambos sexos;TOTAL;2001;357.869
3 años;Ambos sexos;TOTAL;2000;347.666
3 años;Ambos sexos;TOTAL;1999;358.467
3 años;Ambos sexos;TOTAL;1998;366.690
4 años;Ambos sexos;TOTAL;2022;407.352
4 años;Ambos sexos;TOTAL;2021;426.796
4 años;Ambos sexos;TOTAL;2020;437.248
4 años;Ambos sexos;TOTAL;2019;439.616
4 años;Ambos sexos;TOTAL;2018;431.788
4 años;Ambos sexos;TOTAL;2017;455.947
4 años;Ambos sexos;TOTAL;2016;468.694
4 años;Ambos sexos;TOTAL;2015;481.749
4 años;Ambos sexos;TOTAL;2014;493.884
4 años;Ambos sexos;TOTAL;2013;520.380
4 años;Ambos sexos;TOTAL;2012;502.610
4 años;Ambos sexos;TOTAL;2011;497.768
4 años;Ambos sexos;TOTAL;2010;486.124
4 años;Ambos sexos;TOTAL;2009;478.565
4 años;Ambos sexos;TOTAL;2008;465.098
4 años;Ambos sexos;TOTAL;2007;437.609
4 años;Ambos sexos;TOTAL;2006;428.656
4 años;Ambos sexos;TOTAL;2005;419.527
4 años;Ambos sexos;TOTAL;2004;392.589
4 años;Ambos sexos;TOTAL;2003;377.408
4 años;Ambos sexos;TOTAL;2002;370.424
4 años;Ambos sexos;TOTAL;2001;358.241
4 años;Ambos sexos;TOTAL;2000;368.121
4 años;Ambos sexos;TOTAL;1999;365.460
4 años;Ambos sexos;TOTAL;1998;384.122
5 años;Ambos sexos;TOTAL;2022;429.243
5 años;Ambos sexos;TOTAL;2021;438.463
5 años;Ambos sexos;TOTAL;2020;445.462
5 años;Ambos sexos;TOTAL;2019;436.013
5 años;Ambos sexos;TOTAL;2018;458.683
5 años;Ambos sexos;TOTAL;2017;469.763
5 años;Ambos sexos;TOTAL;2016;481.972
5 años;Ambos sexos;TOTAL;2015;492.123
5 años;Ambos sexos;TOTAL;2014;517.901
5 años;Ambos sexos;TOTAL;2013;501.674
5 años;Ambos sexos;TOTAL;2012;498.836
5 años;Ambos sexos;TOTAL;2011;487.780
5 años;Ambos sexos;TOTAL;2010;482.151
5 años;Ambos sexos;TOTAL;2009;470.527
5 años;Ambos sexos;TOTAL;2008;446.762
5 años;Ambos sexos;TOTAL;2007;435.054
5 años;Ambos sexos;TOTAL;2006;426.131
5 años;Ambos sexos;TOTAL;2005;405.658
5 años;Ambos sexos;TOTAL;2004;388.232
5 años;Ambos sexos;TOTAL;2003;385.216
5 años;Ambos sexos;TOTAL;2002;369.300
5 años;Ambos sexos;TOTAL;2001;373.297
5 años;Ambos sexos;TOTAL;2000;372.628
5 años;Ambos sexos;TOTAL;1999;383.174
5 años;Ambos sexos;TOTAL;1998;400.834
6 años;Ambos sexos;TOTAL;2022;441.196
6 años;Ambos sexos;TOTAL;2021;446.016
6 años;Ambos sexos;TOTAL;2020;441.026
6 años;Ambos sexos;TOTAL;2019;462.196
6 años;Ambos sexos;TOTAL;2018;471.491
6 años;Ambos sexos;TOTAL;2017;481.556
6 años;Ambos sexos;TOTAL;2016;491.462
6 años;Ambos sexos;TOTAL;2015;516.085
6 años;Ambos sexos;TOTAL;2014;498.482
6 años;Ambos sexos;TOTAL;2013;498.029
6 años;Ambos sexos;TOTAL;2012;488.463
6 años;Ambos sexos;TOTAL;2011;483.537
6 años;Ambos sexos;TOTAL;2010;473.928
6 años;Ambos sexos;TOTAL;2009;452.275
6 años;Ambos sexos;TOTAL;2008;443.760
6 años;Ambos sexos;TOTAL;2007;433.379
6 años;Ambos sexos;TOTAL;2006;413.856
6 años;Ambos sexos;TOTAL;2005;398.519
6 años;Ambos sexos;TOTAL;2004;394.876
6 años;Ambos sexos;TOTAL;2003;383.674
6 años;Ambos sexos;TOTAL;2002;381.839
6 años;Ambos sexos;TOTAL;2001;378.234
6 años;Ambos sexos;TOTAL;2000;389.700
6 años;Ambos sexos;TOTAL;1999;400.045
6 años;Ambos sexos;TOTAL;1998;399.337
7 años;Ambos sexos;TOTAL;2022;449.415
7 años;Ambos sexos;TOTAL;2021;441.990
7 años;Ambos sexos;TOTAL;2020;467.406
7 años;Ambos sexos;TOTAL;2019;474.989
7 años;Ambos sexos;TOTAL;2018;483.038
7 años;Ambos sexos;TOTAL;2017;490.953
7 años;Ambos sexos;TOTAL;2016;514.797
7 años;Ambos sexos;TOTAL;2015;496.870
7 años;Ambos sexos;TOTAL;2014;495.157
7 años;Ambos sexos;TOTAL;2013;487.226
7 años;Ambos sexos;TOTAL;2012;483.967
7 años;Ambos sexos;TOTAL;2011;475.145
7 años;Ambos sexos;TOTAL;2010;455.400
7 años;Ambos sexos;TOTAL;2009;448.796
7 años;Ambos sexos;TOTAL;2008;442.089
7 años;Ambos sexos;TOTAL;2007;420.907
7 años;Ambos sexos;TOTAL;2006;404.261
7 años;Ambos sexos;TOTAL;2005;403.910
7 años;Ambos sexos;TOTAL;2004;391.944
7 años;Ambos sexos;TOTAL;2003;391.531
7 años;Ambos sexos;TOTAL;2002;386.088
7 años;Ambos sexos;TOTAL;2001;394.623
7 años;Ambos sexos;TOTAL;2000;406.067
7 años;Ambos sexos;TOTAL;1999;398.784
7 años;Ambos sexos;TOTAL;1998;408.603
8 años;Ambos sexos;TOTAL;2022;445.310
8 años;Ambos sexos;TOTAL;2021;468.286
8 años;Ambos sexos;TOTAL;2020;479.966
8 años;Ambos sexos;TOTAL;2019;486.527
8 años;Ambos sexos;TOTAL;2018;492.551
8 años;Ambos sexos;TOTAL;2017;514.326
8 años;Ambos sexos;TOTAL;2016;496.025
8 años;Ambos sexos;TOTAL;2015;493.759
8 años;Ambos sexos;TOTAL;2014;484.359
8 años;Ambos sexos;TOTAL;2013;483.127
8 años;Ambos sexos;TOTAL;2012;475.623
8 años;Ambos sexos;TOTAL;2011;456.676
8 años;Ambos sexos;TOTAL;2010;451.680
8 años;Ambos sexos;TOTAL;2009;448.048
8 años;Ambos sexos;TOTAL;2008;430.069
8 años;Ambos sexos;TOTAL;2007;410.207
8 años;Ambos sexos;TOTAL;2006;409.502
8 años;Ambos sexos;TOTAL;2005;400.139
8 años;Ambos sexos;TOTAL;2004;397.933
8 años;Ambos sexos;TOTAL;2003;395.684
8 años;Ambos sexos;TOTAL;2002;402.406
8 años;Ambos sexos;TOTAL;2001;410.817
8 años;Ambos sexos;TOTAL;2000;402.978
8 años;Ambos sexos;TOTAL;1999;408.280
8 años;Ambos sexos;TOTAL;1998;417.165
9 años;Ambos sexos;TOTAL;2022;471.747
9 años;Ambos sexos;TOTAL;2021;481.023
9 años;Ambos sexos;TOTAL;2020;491.583
9 años;Ambos sexos;TOTAL;2019;495.769
9 años;Ambos sexos;TOTAL;2018;515.787
9 años;Ambos sexos;TOTAL;2017;495.999
9 años;Ambos sexos;TOTAL;2016;493.217
9 años;Ambos sexos;TOTAL;2015;483.338
9 años;Ambos sexos;TOTAL;2014;480.304
9 años;Ambos sexos;TOTAL;2013;474.899
9 años;Ambos sexos;TOTAL;2012;457.423
9 años;Ambos sexos;TOTAL;2011;453.217
9 años;Ambos sexos;TOTAL;2010;451.278
9 años;Ambos sexos;TOTAL;2009;435.971
9 años;Ambos sexos;TOTAL;2008;418.194
9 años;Ambos sexos;TOTAL;2007;415.111
9 años;Ambos sexos;TOTAL;2006;406.278
9 años;Ambos sexos;TOTAL;2005;404.861
9 años;Ambos sexos;TOTAL;2004;402.138
9 años;Ambos sexos;TOTAL;2003;411.761
9 años;Ambos sexos;TOTAL;2002;418.350
9 años;Ambos sexos;TOTAL;2001;407.818
9 años;Ambos sexos;TOTAL;2000;412.648
9 años;Ambos sexos;TOTAL;1999;417.337
9 años;Ambos sexos;TOTAL;1998;421.737
10 años;Ambos sexos;TOTAL;2022;483.983
10 años;Ambos sexos;TOTAL;2021;492.427
10 años;Ambos sexos;TOTAL;2020;500.483
10 años;Ambos sexos;TOTAL;2019;519.012
10 años;Ambos sexos;TOTAL;2018;497.501
10 años;Ambos sexos;TOTAL;2017;493.362
10 años;Ambos sexos;TOTAL;2016;482.924
10 años;Ambos sexos;TOTAL;2015;479.601
10 años;Ambos sexos;TOTAL;2014;472.240
10 años;Ambos sexos;TOTAL;2013;456.711
10 años;Ambos sexos;TOTAL;2012;453.594
10 años;Ambos sexos;TOTAL;2011;453.031
10 años;Ambos sexos;TOTAL;2010;439.584
10 años;Ambos sexos;TOTAL;2009;423.646
10 años;Ambos sexos;TOTAL;2008;423.555
10 años;Ambos sexos;TOTAL;2007;410.851
10 años;Ambos sexos;TOTAL;2006;409.663
10 años;Ambos sexos;TOTAL;2005;408.896
10 años;Ambos sexos;TOTAL;2004;418.040
10 años;Ambos sexos;TOTAL;2003;427.812
10 años;Ambos sexos;TOTAL;2002;415.354
10 años;Ambos sexos;TOTAL;2001;417.318
10 años;Ambos sexos;TOTAL;2000;420.966
10 años;Ambos sexos;TOTAL;1999;421.776
10 años;Ambos sexos;TOTAL;1998;420.900
11 años;Ambos sexos;TOTAL;2022;495.075
11 años;Ambos sexos;TOTAL;2021;501.019
11 años;Ambos sexos;TOTAL;2020;523.350
11 años;Ambos sexos;TOTAL;2019;500.313
11 años;Ambos sexos;TOTAL;2018;495.001
11 años;Ambos sexos;TOTAL;2017;483.170
11 años;Ambos sexos;TOTAL;2016;479.241
11 años;Ambos sexos;TOTAL;2015;471.401
11 años;Ambos sexos;TOTAL;2014;454.249
11 años;Ambos sexos;TOTAL;2013;453.083
11 años;Ambos sexos;TOTAL;2012;453.855
11 años;Ambos sexos;TOTAL;2011;441.524
11 años;Ambos sexos;TOTAL;2010;426.850
11 años;Ambos sexos;TOTAL;2009;429.003
11 años;Ambos sexos;TOTAL;2008;419.452
11 años;Ambos sexos;TOTAL;2007;414.429
11 años;Ambos sexos;TOTAL;2006;413.707
11 años;Ambos sexos;TOTAL;2005;424.825
11 años;Ambos sexos;TOTAL;2004;434.058
11 años;Ambos sexos;TOTAL;2003;424.673
11 años;Ambos sexos;TOTAL;2002;424.472
11 años;Ambos sexos;TOTAL;2001;425.652
11 años;Ambos sexos;TOTAL;2000;425.619
11 años;Ambos sexos;TOTAL;1999;431.099
11 años;Ambos sexos;TOTAL;1998;434.464
12 años;Ambos sexos;TOTAL;2022;503.693
12 años;Ambos sexos;TOTAL;2021;524.132
12 años;Ambos sexos;TOTAL;2020;504.624
12 años;Ambos sexos;TOTAL;2019;498.224
12 años;Ambos sexos;TOTAL;2018;485.106
12 años;Ambos sexos;TOTAL;2017;479.880
12 años;Ambos sexos;TOTAL;2016;471.424
12 años;Ambos sexos;TOTAL;2015;454.053
12 años;Ambos sexos;TOTAL;2014;450.729
12 años;Ambos sexos;TOTAL;2013;453.575
12 años;Ambos sexos;TOTAL;2012;442.643
12 años;Ambos sexos;TOTAL;2011;428.482
12 años;Ambos sexos;TOTAL;2010;432.471
12 años;Ambos sexos;TOTAL;2009;425.132
12 años;Ambos sexos;TOTAL;2008;422.745
12 años;Ambos sexos;TOTAL;2007;418.791
12 años;Ambos sexos;TOTAL;2006;429.666
12 años;Ambos sexos;TOTAL;2005;440.914
12 años;Ambos sexos;TOTAL;2004;430.985
12 años;Ambos sexos;TOTAL;2003;433.344
12 años;Ambos sexos;TOTAL;2002;433.137
12 años;Ambos sexos;TOTAL;2001;430.595
12 años;Ambos sexos;TOTAL;2000;434.734
12 años;Ambos sexos;TOTAL;1999;445.607
12 años;Ambos sexos;TOTAL;1998;452.334
13 años;Ambos sexos;TOTAL;2022;526.664
13 años;Ambos sexos;TOTAL;2021;505.208
13 años;Ambos sexos;TOTAL;2020;502.414
13 años;Ambos sexos;TOTAL;2019;488.273
13 años;Ambos sexos;TOTAL;2018;481.987
13 años;Ambos sexos;TOTAL;2017;472.437
13 años;Ambos sexos;TOTAL;2016;454.241
13 años;Ambos sexos;TOTAL;2015;450.486
13 años;Ambos sexos;TOTAL;2014;451.261
13 años;Ambos sexos;TOTAL;2013;442.453
13 años;Ambos sexos;TOTAL;2012;429.402
13 años;Ambos sexos;TOTAL;2011;434.070
13 años;Ambos sexos;TOTAL;2010;428.438
13 años;Ambos sexos;TOTAL;2009;428.013
13 años;Ambos sexos;TOTAL;2008;427.044
13 años;Ambos sexos;TOTAL;2007;434.588
13 años;Ambos sexos;TOTAL;2006;445.270
13 años;Ambos sexos;TOTAL;2005;437.544
13 años;Ambos sexos;TOTAL;2004;438.963
13 años;Ambos sexos;TOTAL;2003;441.578
13 años;Ambos sexos;TOTAL;2002;437.521
13 años;Ambos sexos;TOTAL;2001;439.031
13 años;Ambos sexos;TOTAL;2000;448.768
13 años;Ambos sexos;TOTAL;1999;466.027
13 años;Ambos sexos;TOTAL;1998;482.988
14 años;Ambos sexos;TOTAL;2022;507.958
14 años;Ambos sexos;TOTAL;2021;503.354
14 años;Ambos sexos;TOTAL;2020;492.627
14 años;Ambos sexos;TOTAL;2019;485.549
14 años;Ambos sexos;TOTAL;2018;474.578
14 años;Ambos sexos;TOTAL;2017;455.364
14 años;Ambos sexos;TOTAL;2016;451.069
14 años;Ambos sexos;TOTAL;2015;451.361
14 años;Ambos sexos;TOTAL;2014;440.236
14 años;Ambos sexos;TOTAL;2013;429.128
14 años;Ambos sexos;TOTAL;2012;435.214
14 años;Ambos sexos;TOTAL;2011;430.156
14 años;Ambos sexos;TOTAL;2010;430.997
14 años;Ambos sexos;TOTAL;2009;432.424
14 años;Ambos sexos;TOTAL;2008;442.573
14 años;Ambos sexos;TOTAL;2007;449.988
14 años;Ambos sexos;TOTAL;2006;442.092
14 años;Ambos sexos;TOTAL;2005;445.305
14 años;Ambos sexos;TOTAL;2004;447.113
14 años;Ambos sexos;TOTAL;2003;446.347
14 años;Ambos sexos;TOTAL;2002;445.673
14 años;Ambos sexos;TOTAL;2001;452.814
14 años;Ambos sexos;TOTAL;2000;468.575
14 años;Ambos sexos;TOTAL;1999;483.640
14 años;Ambos sexos;TOTAL;1998;496.213
15 años;Ambos sexos;TOTAL;2022;506.463
15 años;Ambos sexos;TOTAL;2021;493.766
15 años;Ambos sexos;TOTAL;2020;490.340
15 años;Ambos sexos;TOTAL;2019;478.564
15 años;Ambos sexos;TOTAL;2018;457.967
15 años;Ambos sexos;TOTAL;2017;452.381
15 años;Ambos sexos;TOTAL;2016;452.334
15 años;Ambos sexos;TOTAL;2015;440.445
15 años;Ambos sexos;TOTAL;2014;427.024
15 años;Ambos sexos;TOTAL;2013;435.232
15 años;Ambos sexos;TOTAL;2012;431.293
15 años;Ambos sexos;TOTAL;2011;432.685
15 años;Ambos sexos;TOTAL;2010;435.480
15 años;Ambos sexos;TOTAL;2009;448.068
15 años;Ambos sexos;TOTAL;2008;458.072
15 años;Ambos sexos;TOTAL;2007;446.898
15 años;Ambos sexos;TOTAL;2006;449.782
15 años;Ambos sexos;TOTAL;2005;453.978
15 años;Ambos sexos;TOTAL;2004;452.344
15 años;Ambos sexos;TOTAL;2003;454.064
15 años;Ambos sexos;TOTAL;2002;459.175
15 años;Ambos sexos;TOTAL;2001;472.283
15 años;Ambos sexos;TOTAL;2000;486.345
15 años;Ambos sexos;TOTAL;1999;503.259
15 años;Ambos sexos;TOTAL;1998;527.643
16 años;Ambos sexos;TOTAL;2022;495.345
16 años;Ambos sexos;TOTAL;2021;490.320
16 años;Ambos sexos;TOTAL;2020;481.883
16 años;Ambos sexos;TOTAL;2019;460.829
16 años;Ambos sexos;TOTAL;2018;452.914
16 años;Ambos sexos;TOTAL;2017;451.501
16 años;Ambos sexos;TOTAL;2016;439.049
16 años;Ambos sexos;TOTAL;2015;424.284
16 años;Ambos sexos;TOTAL;2014;430.472
16 años;Ambos sexos;TOTAL;2013;426.898
16 años;Ambos sexos;TOTAL;2012;432.048
16 años;Ambos sexos;TOTAL;2011;436.756
16 años;Ambos sexos;TOTAL;2010;451.521
16 años;Ambos sexos;TOTAL;2009;463.893
16 años;Ambos sexos;TOTAL;2008;455.703
16 años;Ambos sexos;TOTAL;2007;454.100
16 años;Ambos sexos;TOTAL;2006;458.710
16 años;Ambos sexos;TOTAL;2005;459.323
16 años;Ambos sexos;TOTAL;2004;459.878
16 años;Ambos sexos;TOTAL;2003;467.331
16 años;Ambos sexos;TOTAL;2002;478.640
16 años;Ambos sexos;TOTAL;2001;490.506
16 años;Ambos sexos;TOTAL;2000;504.435
16 años;Ambos sexos;TOTAL;1999;534.365
16 años;Ambos sexos;TOTAL;1998;560.097
17 años;Ambos sexos;TOTAL;2022;494.543
17 años;Ambos sexos;TOTAL;2021;484.141
17 años;Ambos sexos;TOTAL;2020;467.166
17 años;Ambos sexos;TOTAL;2019;458.325
17 años;Ambos sexos;TOTAL;2018;454.985
17 años;Ambos sexos;TOTAL;2017;440.631
17 años;Ambos sexos;TOTAL;2016;425.114
17 años;Ambos sexos;TOTAL;2015;429.564
17 años;Ambos sexos;TOTAL;2014;425.902
17 años;Ambos sexos;TOTAL;2013;426.800
17 años;Ambos sexos;TOTAL;2012;436.241
17 años;Ambos sexos;TOTAL;2011;452.892
17 años;Ambos sexos;TOTAL;2010;467.298
17 años;Ambos sexos;TOTAL;2009;462.325
17 años;Ambos sexos;TOTAL;2008;463.762
17 años;Ambos sexos;TOTAL;2007;463.690
17 años;Ambos sexos;TOTAL;2006;464.676
17 años;Ambos sexos;TOTAL;2005;467.600
17 años;Ambos sexos;TOTAL;2004;473.541
17 años;Ambos sexos;TOTAL;2003;486.301
17 años;Ambos sexos;TOTAL;2002;496.254
17 años;Ambos sexos;TOTAL;2001;507.709
17 años;Ambos sexos;TOTAL;2000;535.289
17 años;Ambos sexos;TOTAL;1999;560.022
17 años;Ambos sexos;TOTAL;1998;588.837
18 años;Ambos sexos;TOTAL;2022;493.009
18 años;Ambos sexos;TOTAL;2021;472.978
18 años;Ambos sexos;TOTAL;2020;470.699
18 años;Ambos sexos;TOTAL;2019;465.570
18 años;Ambos sexos;TOTAL;2018;448.581
18 años;Ambos sexos;TOTAL;2017;430.776
18 años;Ambos sexos;TOTAL;2016;434.258
18 años;Ambos sexos;TOTAL;2015;428.155
18 años;Ambos sexos;TOTAL;2014;429.425
18 años;Ambos sexos;TOTAL;2013;436.136
18 años;Ambos sexos;TOTAL;2012;454.889
18 años;Ambos sexos;TOTAL;2011;471.515
18 años;Ambos sexos;TOTAL;2010;469.209
18 años;Ambos sexos;TOTAL;2009;473.700
18 años;Ambos sexos;TOTAL;2008;480.082
18 años;Ambos sexos;TOTAL;2007;475.649
18 años;Ambos sexos;TOTAL;2006;476.257
18 años;Ambos sexos;TOTAL;2005;483.471
18 años;Ambos sexos;TOTAL;2004;492.843
18 años;Ambos sexos;TOTAL;2003;507.161
18 años;Ambos sexos;TOTAL;2002;516.630
18 años;Ambos sexos;TOTAL;2001;540.630
18 años;Ambos sexos;TOTAL;2000;562.211
18 años;Ambos sexos;TOTAL;1999;593.139
18 años;Ambos sexos;TOTAL;1998;610.643
19 años;Ambos sexos;TOTAL;2022;482.239
19 años;Ambos sexos;TOTAL;2021;476.713
19 años;Ambos sexos;TOTAL;2020;478.933
19 años;Ambos sexos;TOTAL;2019;459.158
19 años;Ambos sexos;TOTAL;2018;438.867
19 años;Ambos sexos;TOTAL;2017;440.507
19 años;Ambos sexos;TOTAL;2016;433.114
19 años;Ambos sexos;TOTAL;2015;432.608
19 años;Ambos sexos;TOTAL;2014;437.904
19 años;Ambos sexos;TOTAL;2013;456.250
19 años;Ambos sexos;TOTAL;2012;473.079
19 años;Ambos sexos;TOTAL;2011;474.056
19 años;Ambos sexos;TOTAL;2010;479.920
19 años;Ambos sexos;TOTAL;2009;491.195
19 años;Ambos sexos;TOTAL;2008;496.885
19 años;Ambos sexos;TOTAL;2007;490.540
19 años;Ambos sexos;TOTAL;2006;495.819
19 años;Ambos sexos;TOTAL;2005;507.051
19 años;Ambos sexos;TOTAL;2004;517.740
19 años;Ambos sexos;TOTAL;2003;529.530
19 años;Ambos sexos;TOTAL;2002;552.001
19 años;Ambos sexos;TOTAL;2001;570.057
19 años;Ambos sexos;TOTAL;2000;594.612
19 años;Ambos sexos;TOTAL;1999;615.009
19 años;Ambos sexos;TOTAL;1998;645.460
20 años;Ambos sexos;TOTAL;2022;483.885
20 años;Ambos sexos;TOTAL;2021;483.323
20 años;Ambos sexos;TOTAL;2020;472.029
20 años;Ambos sexos;TOTAL;2019;449.210
20 años;Ambos sexos;TOTAL;2018;448.612
20 años;Ambos sexos;TOTAL;2017;439.373
20 años;Ambos sexos;TOTAL;2016;437.142
20 años;Ambos sexos;TOTAL;2015;441.360
20 años;Ambos sexos;TOTAL;2014;457.531
20 años;Ambos sexos;TOTAL;2013;474.551
20 años;Ambos sexos;TOTAL;2012;476.310
20 años;Ambos sexos;TOTAL;2011;484.927
20 años;Ambos sexos;TOTAL;2010;497.587
20 años;Ambos sexos;TOTAL;2009;509.820
20 años;Ambos sexos;TOTAL;2008;514.870
20 años;Ambos sexos;TOTAL;2007;511.906
20 años;Ambos sexos;TOTAL;2006;521.520
20 años;Ambos sexos;TOTAL;2005;534.528
20 años;Ambos sexos;TOTAL;2004;542.156
20 años;Ambos sexos;TOTAL;2003;568.364
20 años;Ambos sexos;TOTAL;2002;584.408
20 años;Ambos sexos;TOTAL;2001;604.763
20 años;Ambos sexos;TOTAL;2000;617.062
20 años;Ambos sexos;TOTAL;1999;649.473
20 años;Ambos sexos;TOTAL;1998;657.399
21 años;Ambos sexos;TOTAL;2022;490.508
21 años;Ambos sexos;TOTAL;2021;476.270
21 años;Ambos sexos;TOTAL;2020;462.371
21 años;Ambos sexos;TOTAL;2019;459.504
21 años;Ambos sexos;TOTAL;2018;447.418
21 años;Ambos sexos;TOTAL;2017;442.927
21 años;Ambos sexos;TOTAL;2016;446.013
21 años;Ambos sexos;TOTAL;2015;460.966
21 años;Ambos sexos;TOTAL;2014;475.531
21 años;Ambos sexos;TOTAL;2013;478.222
21 años;Ambos sexos;TOTAL;2012;488.054
21 años;Ambos sexos;TOTAL;2011;502.999
21 años;Ambos sexos;TOTAL;2010;516.312
21 años;Ambos sexos;TOTAL;2009;528.909
21 años;Ambos sexos;TOTAL;2008;538.117
21 años;Ambos sexos;TOTAL;2007;538.276
21 años;Ambos sexos;TOTAL;2006;550.663
21 años;Ambos sexos;TOTAL;2005;561.593
21 años;Ambos sexos;TOTAL;2004;582.650
21 años;Ambos sexos;TOTAL;2003;603.407
21 años;Ambos sexos;TOTAL;2002;622.305
21 años;Ambos sexos;TOTAL;2001;629.986
21 años;Ambos sexos;TOTAL;2000;651.970
21 años;Ambos sexos;TOTAL;1999;662.299
21 años;Ambos sexos;TOTAL;1998;677.661
22 años;Ambos sexos;TOTAL;2022;483.021
22 años;Ambos sexos;TOTAL;2021;466.963
22 años;Ambos sexos;TOTAL;2020;473.491
22 años;Ambos sexos;TOTAL;2019;458.751
22 años;Ambos sexos;TOTAL;2018;451.354
22 años;Ambos sexos;TOTAL;2017;451.618
22 años;Ambos sexos;TOTAL;2016;465.475
22 años;Ambos sexos;TOTAL;2015;478.469
22 años;Ambos sexos;TOTAL;2014;478.947
22 años;Ambos sexos;TOTAL;2013;489.828
22 años;Ambos sexos;TOTAL;2012;506.464
22 años;Ambos sexos;TOTAL;2011;520.956
22 años;Ambos sexos;TOTAL;2010;535.191
22 años;Ambos sexos;TOTAL;2009;552.848
22 años;Ambos sexos;TOTAL;2008;565.621
22 años;Ambos sexos;TOTAL;2007;568.072
22 años;Ambos sexos;TOTAL;2006;578.673
22 años;Ambos sexos;TOTAL;2005;605.186
22 años;Ambos sexos;TOTAL;2004;619.000
22 años;Ambos sexos;TOTAL;2003;643.937
22 años;Ambos sexos;TOTAL;2002;649.025
22 años;Ambos sexos;TOTAL;2001;666.982
22 años;Ambos sexos;TOTAL;2000;665.526
22 años;Ambos sexos;TOTAL;1999;682.259
22 años;Ambos sexos;TOTAL;1998;679.656
23 años;Ambos sexos;TOTAL;2022;473.666
23 años;Ambos sexos;TOTAL;2021;478.424
23 años;Ambos sexos;TOTAL;2020;473.128
23 años;Ambos sexos;TOTAL;2019;464.079
23 años;Ambos sexos;TOTAL;2018;460.536
23 años;Ambos sexos;TOTAL;2017;471.128
23 años;Ambos sexos;TOTAL;2016;482.839
23 años;Ambos sexos;TOTAL;2015;481.516
23 años;Ambos sexos;TOTAL;2014;490.570
23 años;Ambos sexos;TOTAL;2013;507.717
23 años;Ambos sexos;TOTAL;2012;524.901
23 años;Ambos sexos;TOTAL;2011;539.700
23 años;Ambos sexos;TOTAL;2010;558.950
23 años;Ambos sexos;TOTAL;2009;581.449
23 años;Ambos sexos;TOTAL;2008;596.212
23 años;Ambos sexos;TOTAL;2007;595.866
23 años;Ambos sexos;TOTAL;2006;623.643
23 años;Ambos sexos;TOTAL;2005;643.539
23 años;Ambos sexos;TOTAL;2004;660.167
23 años;Ambos sexos;TOTAL;2003;672.926
23 años;Ambos sexos;TOTAL;2002;688.507
23 años;Ambos sexos;TOTAL;2001;682.266
23 años;Ambos sexos;TOTAL;2000;686.932
23 años;Ambos sexos;TOTAL;1999;682.763
23 años;Ambos sexos;TOTAL;1998;674.999
24 años;Ambos sexos;TOTAL;2022;484.953
24 años;Ambos sexos;TOTAL;2021;477.468
24 años;Ambos sexos;TOTAL;2020;479.648
24 años;Ambos sexos;TOTAL;2019;473.759
24 años;Ambos sexos;TOTAL;2018;480.176
24 años;Ambos sexos;TOTAL;2017;488.291
24 años;Ambos sexos;TOTAL;2016;485.512
24 años;Ambos sexos;TOTAL;2015;492.287
24 años;Ambos sexos;TOTAL;2014;506.944
24 años;Ambos sexos;TOTAL;2013;525.791
24 años;Ambos sexos;TOTAL;2012;543.169
24 años;Ambos sexos;TOTAL;2011;562.675
24 años;Ambos sexos;TOTAL;2010;587.183
24 años;Ambos sexos;TOTAL;2009;612.799
24 años;Ambos sexos;TOTAL;2008;624.318
24 años;Ambos sexos;TOTAL;2007;640.725
24 años;Ambos sexos;TOTAL;2006;662.094
24 años;Ambos sexos;TOTAL;2005;686.787
24 años;Ambos sexos;TOTAL;2004;689.909
24 años;Ambos sexos;TOTAL;2003;713.960
24 años;Ambos sexos;TOTAL;2002;705.353
24 años;Ambos sexos;TOTAL;2001;704.808
24 años;Ambos sexos;TOTAL;2000;689.245
24 años;Ambos sexos;TOTAL;1999;678.083
24 años;Ambos sexos;TOTAL;1998;664.010
25 años;Ambos sexos;TOTAL;2022;483.979
25 años;Ambos sexos;TOTAL;2021;483.972
25 años;Ambos sexos;TOTAL;2020;489.506
25 años;Ambos sexos;TOTAL;2019;493.330
25 años;Ambos sexos;TOTAL;2018;497.126
25 años;Ambos sexos;TOTAL;2017;490.460
25 años;Ambos sexos;TOTAL;2016;495.688
25 años;Ambos sexos;TOTAL;2015;507.418
25 años;Ambos sexos;TOTAL;2014;523.361
25 años;Ambos sexos;TOTAL;2013;542.235
25 años;Ambos sexos;TOTAL;2012;565.248
25 años;Ambos sexos;TOTAL;2011;590.603
25 años;Ambos sexos;TOTAL;2010;617.896
25 años;Ambos sexos;TOTAL;2009;640.901
25 años;Ambos sexos;TOTAL;2008;669.811
25 años;Ambos sexos;TOTAL;2007;678.668
25 años;Ambos sexos;TOTAL;2006;706.122
25 años;Ambos sexos;TOTAL;2005;717.206
25 años;Ambos sexos;TOTAL;2004;731.219
25 años;Ambos sexos;TOTAL;2003;731.694
25 años;Ambos sexos;TOTAL;2002;728.245
25 años;Ambos sexos;TOTAL;2001;707.793
25 años;Ambos sexos;TOTAL;2000;686.480
25 años;Ambos sexos;TOTAL;1999;666.411
25 años;Ambos sexos;TOTAL;1998;663.328
26 años;Ambos sexos;TOTAL;2022;490.393
26 años;Ambos sexos;TOTAL;2021;494.211
26 años;Ambos sexos;TOTAL;2020;509.293
26 años;Ambos sexos;TOTAL;2019;510.327
26 años;Ambos sexos;TOTAL;2018;498.909
26 años;Ambos sexos;TOTAL;2017;500.197
26 años;Ambos sexos;TOTAL;2016;509.367
26 años;Ambos sexos;TOTAL;2015;522.380
26 años;Ambos sexos;TOTAL;2014;538.162
26 años;Ambos sexos;TOTAL;2013;563.329
26 años;Ambos sexos;TOTAL;2012;592.390
26 años;Ambos sexos;TOTAL;2011;620.299
26 años;Ambos sexos;TOTAL;2010;645.579
26 años;Ambos sexos;TOTAL;2009;686.096
26 años;Ambos sexos;TOTAL;2008;707.736
26 años;Ambos sexos;TOTAL;2007;721.241
26 años;Ambos sexos;TOTAL;2006;735.014
26 años;Ambos sexos;TOTAL;2005;759.075
26 años;Ambos sexos;TOTAL;2004;748.084
26 años;Ambos sexos;TOTAL;2003;754.799
26 años;Ambos sexos;TOTAL;2002;731.404
26 años;Ambos sexos;TOTAL;2001;705.495
26 años;Ambos sexos;TOTAL;2000;676.713
26 años;Ambos sexos;TOTAL;1999;665.296
26 años;Ambos sexos;TOTAL;1998;655.107
27 años;Ambos sexos;TOTAL;2022;499.914
27 años;Ambos sexos;TOTAL;2021;513.259
27 años;Ambos sexos;TOTAL;2020;525.662
27 años;Ambos sexos;TOTAL;2019;511.027
27 años;Ambos sexos;TOTAL;2018;508.372
27 años;Ambos sexos;TOTAL;2017;513.070
27 años;Ambos sexos;TOTAL;2016;523.454
27 años;Ambos sexos;TOTAL;2015;535.522
27 años;Ambos sexos;TOTAL;2014;557.728
27 años;Ambos sexos;TOTAL;2013;589.062
27 años;Ambos sexos;TOTAL;2012;621.029
27 años;Ambos sexos;TOTAL;2011;647.244
27 años;Ambos sexos;TOTAL;2010;689.762
27 años;Ambos sexos;TOTAL;2009;722.833
27 años;Ambos sexos;TOTAL;2008;749.614
27 años;Ambos sexos;TOTAL;2007;748.418
27 años;Ambos sexos;TOTAL;2006;775.637
27 años;Ambos sexos;TOTAL;2005;775.172
27 años;Ambos sexos;TOTAL;2004;770.022
27 años;Ambos sexos;TOTAL;2003;757.045
27 años;Ambos sexos;TOTAL;2002;729.346
27 años;Ambos sexos;TOTAL;2001;695.681
27 años;Ambos sexos;TOTAL;2000;677.505
27 años;Ambos sexos;TOTAL;1999;656.150
27 años;Ambos sexos;TOTAL;1998;648.916
28 años;Ambos sexos;TOTAL;2022;517.853
28 años;Ambos sexos;TOTAL;2021;529.069
28 años;Ambos sexos;TOTAL;2020;525.391
28 años;Ambos sexos;TOTAL;2019;520.176
28 años;Ambos sexos;TOTAL;2018;520.273
28 años;Ambos sexos;TOTAL;2017;526.364
28 años;Ambos sexos;TOTAL;2016;535.258
28 años;Ambos sexos;TOTAL;2015;553.950
28 años;Ambos sexos;TOTAL;2014;581.266
28 años;Ambos sexos;TOTAL;2013;616.611
28 años;Ambos sexos;TOTAL;2012;647.159
28 años;Ambos sexos;TOTAL;2011;690.539
28 años;Ambos sexos;TOTAL;2010;725.375
28 años;Ambos sexos;TOTAL;2009;764.019
28 años;Ambos sexos;TOTAL;2008;775.139
28 años;Ambos sexos;TOTAL;2007;787.480
28 años;Ambos sexos;TOTAL;2006;790.960
28 años;Ambos sexos;TOTAL;2005;795.579
28 años;Ambos sexos;TOTAL;2004;770.827
28 años;Ambos sexos;TOTAL;2003;754.581
28 años;Ambos sexos;TOTAL;2002;718.418
28 años;Ambos sexos;TOTAL;2001;696.447
28 años;Ambos sexos;TOTAL;2000;669.933
28 años;Ambos sexos;TOTAL;1999;650.360
28 años;Ambos sexos;TOTAL;1998;644.851
29 años;Ambos sexos;TOTAL;2022;533.500
29 años;Ambos sexos;TOTAL;2021;528.225
29 años;Ambos sexos;TOTAL;2020;534.121
29 años;Ambos sexos;TOTAL;2019;531.501
29 años;Ambos sexos;TOTAL;2018;532.534
29 años;Ambos sexos;TOTAL;2017;537.167
29 años;Ambos sexos;TOTAL;2016;552.917
29 años;Ambos sexos;TOTAL;2015;576.360
29 años;Ambos sexos;TOTAL;2014;608.204
29 años;Ambos sexos;TOTAL;2013;641.899
29 años;Ambos sexos;TOTAL;2012;689.685
29 años;Ambos sexos;TOTAL;2011;725.582
29 años;Ambos sexos;TOTAL;2010;765.823
29 años;Ambos sexos;TOTAL;2009;787.918
29 años;Ambos sexos;TOTAL;2008;812.325
29 años;Ambos sexos;TOTAL;2007;800.864
29 años;Ambos sexos;TOTAL;2006;809.983
29 años;Ambos sexos;TOTAL;2005;795.332
29 años;Ambos sexos;TOTAL;2004;767.184
29 años;Ambos sexos;TOTAL;2003;741.653
29 años;Ambos sexos;TOTAL;2002;718.911
29 años;Ambos sexos;TOTAL;2001;688.343
29 años;Ambos sexos;TOTAL;2000;665.151
29 años;Ambos sexos;TOTAL;1999;645.867
29 años;Ambos sexos;TOTAL;1998;643.661
30 años;Ambos sexos;TOTAL;2022;532.544
30 años;Ambos sexos;TOTAL;2021;537.072
30 años;Ambos sexos;TOTAL;2020;544.573
30 años;Ambos sexos;TOTAL;2019;543.078
30 años;Ambos sexos;TOTAL;2018;542.554
30 años;Ambos sexos;TOTAL;2017;553.972
30 años;Ambos sexos;TOTAL;2016;574.619
30 años;Ambos sexos;TOTAL;2015;602.695
30 años;Ambos sexos;TOTAL;2014;632.289
30 años;Ambos sexos;TOTAL;2013;683.496
30 años;Ambos sexos;TOTAL;2012;723.724
30 años;Ambos sexos;TOTAL;2011;765.013
30 años;Ambos sexos;TOTAL;2010;789.277
30 años;Ambos sexos;TOTAL;2009;823.694
30 años;Ambos sexos;TOTAL;2008;824.132
30 años;Ambos sexos;TOTAL;2007;818.824
30 años;Ambos sexos;TOTAL;2006;808.105
30 años;Ambos sexos;TOTAL;2005;790.861
30 años;Ambos sexos;TOTAL;2004;753.091
30 años;Ambos sexos;TOTAL;2003;741.503
30 años;Ambos sexos;TOTAL;2002;710.016
30 años;Ambos sexos;TOTAL;2001;683.650
30 años;Ambos sexos;TOTAL;2000;661.566
30 años;Ambos sexos;TOTAL;1999;645.272
30 años;Ambos sexos;TOTAL;1998;654.019
31 años;Ambos sexos;TOTAL;2022;540.928
31 años;Ambos sexos;TOTAL;2021;546.807
31 años;Ambos sexos;TOTAL;2020;555.934
31 años;Ambos sexos;TOTAL;2019;552.356
31 años;Ambos sexos;TOTAL;2018;558.542
31 años;Ambos sexos;TOTAL;2017;575.006
31 años;Ambos sexos;TOTAL;2016;600.260
31 años;Ambos sexos;TOTAL;2015;626.193
31 años;Ambos sexos;TOTAL;2014;673.098
31 años;Ambos sexos;TOTAL;2013;716.887
31 años;Ambos sexos;TOTAL;2012;762.621
31 años;Ambos sexos;TOTAL;2011;787.855
31 años;Ambos sexos;TOTAL;2010;824.725
31 años;Ambos sexos;TOTAL;2009;835.192
31 años;Ambos sexos;TOTAL;2008;840.529
31 años;Ambos sexos;TOTAL;2007;815.131
31 años;Ambos sexos;TOTAL;2006;802.941
31 años;Ambos sexos;TOTAL;2005;774.441
31 años;Ambos sexos;TOTAL;2004;751.962
31 años;Ambos sexos;TOTAL;2003;731.257
31 años;Ambos sexos;TOTAL;2002;704.922
31 años;Ambos sexos;TOTAL;2001;679.297
31 años;Ambos sexos;TOTAL;2000;660.789
31 años;Ambos sexos;TOTAL;1999;655.796
31 años;Ambos sexos;TOTAL;1998;647.851
32 años;Ambos sexos;TOTAL;2022;550.132
32 años;Ambos sexos;TOTAL;2021;557.792
32 años;Ambos sexos;TOTAL;2020;563.630
32 años;Ambos sexos;TOTAL;2019;567.014
32 años;Ambos sexos;TOTAL;2018;578.794
32 años;Ambos sexos;TOTAL;2017;600.043
32 años;Ambos sexos;TOTAL;2016;623.553
32 años;Ambos sexos;TOTAL;2015;665.953
32 años;Ambos sexos;TOTAL;2014;705.948
32 años;Ambos sexos;TOTAL;2013;755.134
32 años;Ambos sexos;TOTAL;2012;785.451
32 años;Ambos sexos;TOTAL;2011;823.444
32 años;Ambos sexos;TOTAL;2010;835.700
32 años;Ambos sexos;TOTAL;2009;849.981
32 años;Ambos sexos;TOTAL;2008;835.306
32 años;Ambos sexos;TOTAL;2007;809.512
32 años;Ambos sexos;TOTAL;2006;784.931
32 años;Ambos sexos;TOTAL;2005;772.619
32 años;Ambos sexos;TOTAL;2004;740.948
32 años;Ambos sexos;TOTAL;2003;725.401
32 años;Ambos sexos;TOTAL;2002;699.415
32 años;Ambos sexos;TOTAL;2001;677.454
32 años;Ambos sexos;TOTAL;2000;670.963
32 años;Ambos sexos;TOTAL;1999;649.554
32 años;Ambos sexos;TOTAL;1998;648.097
33 años;Ambos sexos;TOTAL;2022;560.584
33 años;Ambos sexos;TOTAL;2021;565.278
33 años;Ambos sexos;TOTAL;2020;577.615
33 años;Ambos sexos;TOTAL;2019;586.999
33 años;Ambos sexos;TOTAL;2018;603.764
33 años;Ambos sexos;TOTAL;2017;622.865
33 años;Ambos sexos;TOTAL;2016;662.271
33 años;Ambos sexos;TOTAL;2015;698.211
33 años;Ambos sexos;TOTAL;2014;743.194
33 años;Ambos sexos;TOTAL;2013;777.742
33 años;Ambos sexos;TOTAL;2012;820.727
33 años;Ambos sexos;TOTAL;2011;834.548
33 años;Ambos sexos;TOTAL;2010;850.071
33 años;Ambos sexos;TOTAL;2009;844.018
33 años;Ambos sexos;TOTAL;2008;828.607
33 años;Ambos sexos;TOTAL;2007;790.719
33 años;Ambos sexos;TOTAL;2006;782.653
33 años;Ambos sexos;TOTAL;2005;759.731
33 años;Ambos sexos;TOTAL;2004;734.232
33 años;Ambos sexos;TOTAL;2003;718.601
33 años;Ambos sexos;TOTAL;2002;696.544
33 años;Ambos sexos;TOTAL;2001;686.741
33 años;Ambos sexos;TOTAL;2000;663.858
33 años;Ambos sexos;TOTAL;1999;650.445
33 años;Ambos sexos;TOTAL;1998;661.350
34 años;Ambos sexos;TOTAL;2022;567.747
34 años;Ambos sexos;TOTAL;2021;579.365
34 años;Ambos sexos;TOTAL;2020;597.651
34 años;Ambos sexos;TOTAL;2019;610.943
34 años;Ambos sexos;TOTAL;2018;625.407
34 años;Ambos sexos;TOTAL;2017;661.009
34 años;Ambos sexos;TOTAL;2016;694.010
34 años;Ambos sexos;TOTAL;2015;735.101
34 años;Ambos sexos;TOTAL;2014;765.760
34 años;Ambos sexos;TOTAL;2013;813.245
34 años;Ambos sexos;TOTAL;2012;831.650
34 años;Ambos sexos;TOTAL;2011;848.552
34 años;Ambos sexos;TOTAL;2010;843.800
34 años;Ambos sexos;TOTAL;2009;837.160
34 años;Ambos sexos;TOTAL;2008;807.886
34 años;Ambos sexos;TOTAL;2007;788.035
34 años;Ambos sexos;TOTAL;2006;769.109
34 años;Ambos sexos;TOTAL;2005;753.185
34 años;Ambos sexos;TOTAL;2004;726.999
34 años;Ambos sexos;TOTAL;2003;715.002
34 años;Ambos sexos;TOTAL;2002;704.246
34 años;Ambos sexos;TOTAL;2001;678.582
34 años;Ambos sexos;TOTAL;2000;663.831
34 años;Ambos sexos;TOTAL;1999;663.782
34 años;Ambos sexos;TOTAL;1998;633.916
35 años;Ambos sexos;TOTAL;2022;581.924
35 años;Ambos sexos;TOTAL;2021;598.850
35 años;Ambos sexos;TOTAL;2020;620.845
35 años;Ambos sexos;TOTAL;2019;632.236
35 años;Ambos sexos;TOTAL;2018;663.481
35 años;Ambos sexos;TOTAL;2017;692.199
35 años;Ambos sexos;TOTAL;2016;730.583
35 años;Ambos sexos;TOTAL;2015;757.929
35 años;Ambos sexos;TOTAL;2014;801.502
35 años;Ambos sexos;TOTAL;2013;824.136
35 años;Ambos sexos;TOTAL;2012;845.977
35 años;Ambos sexos;TOTAL;2011;842.399
35 años;Ambos sexos;TOTAL;2010;837.149
35 años;Ambos sexos;TOTAL;2009;815.046
35 años;Ambos sexos;TOTAL;2008;804.675
35 años;Ambos sexos;TOTAL;2007;774.206
35 años;Ambos sexos;TOTAL;2006;761.915
35 años;Ambos sexos;TOTAL;2005;744.487
35 años;Ambos sexos;TOTAL;2004;722.959
35 años;Ambos sexos;TOTAL;2003;721.665
35 años;Ambos sexos;TOTAL;2002;694.588
35 años;Ambos sexos;TOTAL;2001;677.643
35 años;Ambos sexos;TOTAL;2000;676.456
35 años;Ambos sexos;TOTAL;1999;636.699
35 años;Ambos sexos;TOTAL;1998;615.263
36 años;Ambos sexos;TOTAL;2022;600.997
36 años;Ambos sexos;TOTAL;2021;621.907
36 años;Ambos sexos;TOTAL;2020;641.610
36 años;Ambos sexos;TOTAL;2019;669.496
36 años;Ambos sexos;TOTAL;2018;694.157
36 años;Ambos sexos;TOTAL;2017;728.498
36 años;Ambos sexos;TOTAL;2016;753.333
36 años;Ambos sexos;TOTAL;2015;793.503
36 años;Ambos sexos;TOTAL;2014;812.539
36 años;Ambos sexos;TOTAL;2013;838.577
36 años;Ambos sexos;TOTAL;2012;839.717
36 años;Ambos sexos;TOTAL;2011;835.609
36 años;Ambos sexos;TOTAL;2010;814.464
36 años;Ambos sexos;TOTAL;2009;810.953
36 años;Ambos sexos;TOTAL;2008;790.024
36 años;Ambos sexos;TOTAL;2007;766.541
36 años;Ambos sexos;TOTAL;2006;752.730
36 años;Ambos sexos;TOTAL;2005;740.017
36 años;Ambos sexos;TOTAL;2004;728.576
36 años;Ambos sexos;TOTAL;2003;710.101
36 años;Ambos sexos;TOTAL;2002;692.892
36 años;Ambos sexos;TOTAL;2001;689.656
36 años;Ambos sexos;TOTAL;2000;646.819
36 años;Ambos sexos;TOTAL;1999;618.799
36 años;Ambos sexos;TOTAL;1998;604.786
37 años;Ambos sexos;TOTAL;2022;624.032
37 años;Ambos sexos;TOTAL;2021;642.657
37 años;Ambos sexos;TOTAL;2020;678.372
37 años;Ambos sexos;TOTAL;2019;699.939
37 años;Ambos sexos;TOTAL;2018;729.496
37 años;Ambos sexos;TOTAL;2017;750.932
37 años;Ambos sexos;TOTAL;2016;788.905
37 años;Ambos sexos;TOTAL;2015;804.989
37 años;Ambos sexos;TOTAL;2014;827.290
37 años;Ambos sexos;TOTAL;2013;832.346
37 años;Ambos sexos;TOTAL;2012;832.837
37 años;Ambos sexos;TOTAL;2011;813.318
37 años;Ambos sexos;TOTAL;2010;811.146
37 años;Ambos sexos;TOTAL;2009;796.229
37 años;Ambos sexos;TOTAL;2008;781.553
37 años;Ambos sexos;TOTAL;2007;757.610
37 años;Ambos sexos;TOTAL;2006;747.896
37 años;Ambos sexos;TOTAL;2005;743.856
37 años;Ambos sexos;TOTAL;2004;715.888
37 años;Ambos sexos;TOTAL;2003;707.374
37 años;Ambos sexos;TOTAL;2002;704.241
37 años;Ambos sexos;TOTAL;2001;659.247
37 años;Ambos sexos;TOTAL;2000;627.608
37 años;Ambos sexos;TOTAL;1999;608.461
37 años;Ambos sexos;TOTAL;1998;614.295
38 años;Ambos sexos;TOTAL;2022;644.647
38 años;Ambos sexos;TOTAL;2021;679.037
38 años;Ambos sexos;TOTAL;2020;707.863
38 años;Ambos sexos;TOTAL;2019;734.720
38 años;Ambos sexos;TOTAL;2018;751.453
38 años;Ambos sexos;TOTAL;2017;786.041
38 años;Ambos sexos;TOTAL;2016;800.294
38 años;Ambos sexos;TOTAL;2015;819.780
38 años;Ambos sexos;TOTAL;2014;821.284
38 años;Ambos sexos;TOTAL;2013;825.974
38 años;Ambos sexos;TOTAL;2012;810.776
38 años;Ambos sexos;TOTAL;2011;809.587
38 años;Ambos sexos;TOTAL;2010;796.245
38 años;Ambos sexos;TOTAL;2009;787.466
38 años;Ambos sexos;TOTAL;2008;771.825
38 años;Ambos sexos;TOTAL;2007;752.541
38 años;Ambos sexos;TOTAL;2006;751.323
38 años;Ambos sexos;TOTAL;2005;729.002
38 años;Ambos sexos;TOTAL;2004;712.646
38 años;Ambos sexos;TOTAL;2003;718.431
38 años;Ambos sexos;TOTAL;2002;672.373
38 años;Ambos sexos;TOTAL;2001;638.968
38 años;Ambos sexos;TOTAL;2000;616.134
38 años;Ambos sexos;TOTAL;1999;618.430
38 años;Ambos sexos;TOTAL;1998;599.594
39 años;Ambos sexos;TOTAL;2022;680.728
39 años;Ambos sexos;TOTAL;2021;708.087
39 años;Ambos sexos;TOTAL;2020;742.310
39 años;Ambos sexos;TOTAL;2019;756.209
39 años;Ambos sexos;TOTAL;2018;786.118
39 años;Ambos sexos;TOTAL;2017;797.278
39 años;Ambos sexos;TOTAL;2016;815.158
39 años;Ambos sexos;TOTAL;2015;813.688
39 años;Ambos sexos;TOTAL;2014;815.198
39 años;Ambos sexos;TOTAL;2013;804.020
39 años;Ambos sexos;TOTAL;2012;806.963
39 años;Ambos sexos;TOTAL;2011;794.880
39 años;Ambos sexos;TOTAL;2010;787.115
39 años;Ambos sexos;TOTAL;2009;777.525
39 años;Ambos sexos;TOTAL;2008;766.493
39 años;Ambos sexos;TOTAL;2007;755.658
39 años;Ambos sexos;TOTAL;2006;735.113
39 años;Ambos sexos;TOTAL;2005;725.012
39 años;Ambos sexos;TOTAL;2004;723.217
39 años;Ambos sexos;TOTAL;2003;685.472
39 años;Ambos sexos;TOTAL;2002;651.155
39 años;Ambos sexos;TOTAL;2001;626.259
39 años;Ambos sexos;TOTAL;2000;625.107
39 años;Ambos sexos;TOTAL;1999;603.587
39 años;Ambos sexos;TOTAL;1998;590.766
40 años;Ambos sexos;TOTAL;2022;709.300
40 años;Ambos sexos;TOTAL;2021;742.304
40 años;Ambos sexos;TOTAL;2020;762.995
40 años;Ambos sexos;TOTAL;2019;789.704
40 años;Ambos sexos;TOTAL;2018;797.026
40 años;Ambos sexos;TOTAL;2017;811.925
40 años;Ambos sexos;TOTAL;2016;809.106
40 años;Ambos sexos;TOTAL;2015;808.349
40 años;Ambos sexos;TOTAL;2014;794.032
40 años;Ambos sexos;TOTAL;2013;800.467
40 años;Ambos sexos;TOTAL;2012;792.723
40 años;Ambos sexos;TOTAL;2011;785.733
40 años;Ambos sexos;TOTAL;2010;777.344
40 años;Ambos sexos;TOTAL;2009;771.469
40 años;Ambos sexos;TOTAL;2008;768.789
40 años;Ambos sexos;TOTAL;2007;737.976
40 años;Ambos sexos;TOTAL;2006;730.467
40 años;Ambos sexos;TOTAL;2005;735.184
40 años;Ambos sexos;TOTAL;2004;689.961
40 años;Ambos sexos;TOTAL;2003;663.667
40 años;Ambos sexos;TOTAL;2002;637.334
40 años;Ambos sexos;TOTAL;2001;634.621
40 años;Ambos sexos;TOTAL;2000;609.621
40 años;Ambos sexos;TOTAL;1999;594.886
40 años;Ambos sexos;TOTAL;1998;580.192
41 años;Ambos sexos;TOTAL;2022;743.236
41 años;Ambos sexos;TOTAL;2021;762.713
41 años;Ambos sexos;TOTAL;2020;795.924
41 años;Ambos sexos;TOTAL;2019;800.132
41 años;Ambos sexos;TOTAL;2018;811.659
41 años;Ambos sexos;TOTAL;2017;805.707
41 años;Ambos sexos;TOTAL;2016;803.651
41 años;Ambos sexos;TOTAL;2015;787.402
41 años;Ambos sexos;TOTAL;2014;790.382
41 años;Ambos sexos;TOTAL;2013;786.129
41 años;Ambos sexos;TOTAL;2012;782.941
41 años;Ambos sexos;TOTAL;2011;775.716
41 años;Ambos sexos;TOTAL;2010;771.213
41 años;Ambos sexos;TOTAL;2009;773.723
41 años;Ambos sexos;TOTAL;2008;748.217
41 años;Ambos sexos;TOTAL;2007;733.413
41 años;Ambos sexos;TOTAL;2006;740.477
41 años;Ambos sexos;TOTAL;2005;700.667
41 años;Ambos sexos;TOTAL;2004;667.540
41 años;Ambos sexos;TOTAL;2003;648.655
41 años;Ambos sexos;TOTAL;2002;645.387
41 años;Ambos sexos;TOTAL;2001;618.207
41 años;Ambos sexos;TOTAL;2000;600.020
41 años;Ambos sexos;TOTAL;1999;583.883
41 años;Ambos sexos;TOTAL;1998;543.285
42 años;Ambos sexos;TOTAL;2022;763.132
42 años;Ambos sexos;TOTAL;2021;795.506
42 años;Ambos sexos;TOTAL;2020;805.758
42 años;Ambos sexos;TOTAL;2019;814.323
42 años;Ambos sexos;TOTAL;2018;805.140
42 años;Ambos sexos;TOTAL;2017;800.217
42 años;Ambos sexos;TOTAL;2016;783.167
42 años;Ambos sexos;TOTAL;2015;783.818
42 años;Ambos sexos;TOTAL;2014;776.365
42 años;Ambos sexos;TOTAL;2013;776.213
42 años;Ambos sexos;TOTAL;2012;773.257
42 años;Ambos sexos;TOTAL;2011;770.006
42 años;Ambos sexos;TOTAL;2010;773.329
42 años;Ambos sexos;TOTAL;2009;752.268
42 años;Ambos sexos;TOTAL;2008;743.246
42 años;Ambos sexos;TOTAL;2007;743.126
42 años;Ambos sexos;TOTAL;2006;705.802
42 años;Ambos sexos;TOTAL;2005;677.755
42 años;Ambos sexos;TOTAL;2004;652.423
42 años;Ambos sexos;TOTAL;2003;656.076
42 años;Ambos sexos;TOTAL;2002;627.854
42 años;Ambos sexos;TOTAL;2001;607.813
42 años;Ambos sexos;TOTAL;2000;588.240
42 años;Ambos sexos;TOTAL;1999;547.453
42 años;Ambos sexos;TOTAL;1998;530.018
43 años;Ambos sexos;TOTAL;2022;795.562
43 años;Ambos sexos;TOTAL;2021;804.793
43 años;Ambos sexos;TOTAL;2020;819.340
43 años;Ambos sexos;TOTAL;2019;807.452
43 años;Ambos sexos;TOTAL;2018;799.742
43 años;Ambos sexos;TOTAL;2017;779.850
43 años;Ambos sexos;TOTAL;2016;779.220
43 años;Ambos sexos;TOTAL;2015;770.014
43 años;Ambos sexos;TOTAL;2014;766.452
43 años;Ambos sexos;TOTAL;2013;767.410
43 años;Ambos sexos;TOTAL;2012;767.399
43 años;Ambos sexos;TOTAL;2011;772.024
43 años;Ambos sexos;TOTAL;2010;751.647
43 años;Ambos sexos;TOTAL;2009;746.650
43 años;Ambos sexos;TOTAL;2008;752.188
43 años;Ambos sexos;TOTAL;2007;707.969
43 años;Ambos sexos;TOTAL;2006;682.086
43 años;Ambos sexos;TOTAL;2005;661.620
43 años;Ambos sexos;TOTAL;2004;659.313
43 años;Ambos sexos;TOTAL;2003;637.599
43 años;Ambos sexos;TOTAL;2002;616.339
43 años;Ambos sexos;TOTAL;2001;595.533
43 años;Ambos sexos;TOTAL;2000;550.864
43 años;Ambos sexos;TOTAL;1999;533.765
43 años;Ambos sexos;TOTAL;1998;508.188
44 años;Ambos sexos;TOTAL;2022;805.165
44 años;Ambos sexos;TOTAL;2021;818.391
44 años;Ambos sexos;TOTAL;2020;812.195
44 años;Ambos sexos;TOTAL;2019;801.955
44 años;Ambos sexos;TOTAL;2018;779.088
44 años;Ambos sexos;TOTAL;2017;775.941
44 años;Ambos sexos;TOTAL;2016;765.909
44 años;Ambos sexos;TOTAL;2015;760.116
44 años;Ambos sexos;TOTAL;2014;757.844
44 años;Ambos sexos;TOTAL;2013;761.071
44 años;Ambos sexos;TOTAL;2012;769.639
44 años;Ambos sexos;TOTAL;2011;749.966
44 años;Ambos sexos;TOTAL;2010;745.928
44 años;Ambos sexos;TOTAL;2009;755.382
44 años;Ambos sexos;TOTAL;2008;716.388
44 años;Ambos sexos;TOTAL;2007;684.205
44 años;Ambos sexos;TOTAL;2006;665.674
44 años;Ambos sexos;TOTAL;2005;667.857
44 años;Ambos sexos;TOTAL;2004;640.567
44 años;Ambos sexos;TOTAL;2003;625.442
44 años;Ambos sexos;TOTAL;2002;603.646
44 años;Ambos sexos;TOTAL;2001;557.354
44 años;Ambos sexos;TOTAL;2000;536.205
44 años;Ambos sexos;TOTAL;1999;512.127
44 años;Ambos sexos;TOTAL;1998;512.342
45 años;Ambos sexos;TOTAL;2022;818.364
45 años;Ambos sexos;TOTAL;2021;811.385
45 años;Ambos sexos;TOTAL;2020;806.221
45 años;Ambos sexos;TOTAL;2019;780.916
45 años;Ambos sexos;TOTAL;2018;775.037
45 años;Ambos sexos;TOTAL;2017;762.992
45 años;Ambos sexos;TOTAL;2016;756.107
45 años;Ambos sexos;TOTAL;2015;751.863
45 años;Ambos sexos;TOTAL;2014;751.752
45 años;Ambos sexos;TOTAL;2013;763.859
45 años;Ambos sexos;TOTAL;2012;747.805
45 años;Ambos sexos;TOTAL;2011;744.410
45 años;Ambos sexos;TOTAL;2010;754.634
45 años;Ambos sexos;TOTAL;2009;718.873
45 años;Ambos sexos;TOTAL;2008;692.459
45 años;Ambos sexos;TOTAL;2007;667.772
45 años;Ambos sexos;TOTAL;2006;671.408
45 años;Ambos sexos;TOTAL;2005;648.686
45 años;Ambos sexos;TOTAL;2004;628.112
45 años;Ambos sexos;TOTAL;2003;611.456
45 años;Ambos sexos;TOTAL;2002;564.406
45 años;Ambos sexos;TOTAL;2001;542.079
45 años;Ambos sexos;TOTAL;2000;514.302
45 años;Ambos sexos;TOTAL;1999;516.229
45 años;Ambos sexos;TOTAL;1998;513.559
46 años;Ambos sexos;TOTAL;2022;811.348
46 años;Ambos sexos;TOTAL;2021;805.159
46 años;Ambos sexos;TOTAL;2020;785.274
46 años;Ambos sexos;TOTAL;2019;776.957
46 años;Ambos sexos;TOTAL;2018;762.094
46 años;Ambos sexos;TOTAL;2017;752.840
46 años;Ambos sexos;TOTAL;2016;747.505
46 años;Ambos sexos;TOTAL;2015;745.783
46 años;Ambos sexos;TOTAL;2014;755.000
46 años;Ambos sexos;TOTAL;2013;742.650
46 años;Ambos sexos;TOTAL;2012;741.852
46 años;Ambos sexos;TOTAL;2011;752.970
46 años;Ambos sexos;TOTAL;2010;717.820
46 años;Ambos sexos;TOTAL;2009;694.924
46 años;Ambos sexos;TOTAL;2008;674.842
46 años;Ambos sexos;TOTAL;2007;673.139
46 años;Ambos sexos;TOTAL;2006;652.060
46 años;Ambos sexos;TOTAL;2005;635.627
46 años;Ambos sexos;TOTAL;2004;613.968
46 años;Ambos sexos;TOTAL;2003;571.585
46 años;Ambos sexos;TOTAL;2002;548.304
46 años;Ambos sexos;TOTAL;2001;519.344
46 años;Ambos sexos;TOTAL;2000;517.695
46 años;Ambos sexos;TOTAL;1999;517.146
46 años;Ambos sexos;TOTAL;1998;480.578
47 años;Ambos sexos;TOTAL;2022;804.803
47 años;Ambos sexos;TOTAL;2021;783.953
47 años;Ambos sexos;TOTAL;2020;780.684
47 años;Ambos sexos;TOTAL;2019;763.849
47 años;Ambos sexos;TOTAL;2018;751.701
47 años;Ambos sexos;TOTAL;2017;744.469
47 años;Ambos sexos;TOTAL;2016;741.648
47 años;Ambos sexos;TOTAL;2015;749.197
47 años;Ambos sexos;TOTAL;2014;734.639
47 años;Ambos sexos;TOTAL;2013;736.464
47 años;Ambos sexos;TOTAL;2012;750.303
47 años;Ambos sexos;TOTAL;2011;716.024
47 años;Ambos sexos;TOTAL;2010;693.747
47 años;Ambos sexos;TOTAL;2009;677.489
47 años;Ambos sexos;TOTAL;2008;679.992
47 años;Ambos sexos;TOTAL;2007;654.052
47 años;Ambos sexos;TOTAL;2006;638.883
47 años;Ambos sexos;TOTAL;2005;620.771
47 años;Ambos sexos;TOTAL;2004;573.438
47 años;Ambos sexos;TOTAL;2003;555.088
47 años;Ambos sexos;TOTAL;2002;524.780
47 años;Ambos sexos;TOTAL;2001;522.237
47 años;Ambos sexos;TOTAL;2000;518.016
47 años;Ambos sexos;TOTAL;1999;484.234
47 años;Ambos sexos;TOTAL;1998;473.460
48 años;Ambos sexos;TOTAL;2022;783.547
48 años;Ambos sexos;TOTAL;2021;779.548
48 años;Ambos sexos;TOTAL;2020;767.280
48 años;Ambos sexos;TOTAL;2019;753.207
48 años;Ambos sexos;TOTAL;2018;742.896
48 años;Ambos sexos;TOTAL;2017;738.206
48 años;Ambos sexos;TOTAL;2016;745.169
48 años;Ambos sexos;TOTAL;2015;729.501
48 años;Ambos sexos;TOTAL;2014;728.418
48 años;Ambos sexos;TOTAL;2013;745.227
48 años;Ambos sexos;TOTAL;2012;713.660
48 años;Ambos sexos;TOTAL;2011;692.230
48 años;Ambos sexos;TOTAL;2010;676.594
48 años;Ambos sexos;TOTAL;2009;681.587
48 años;Ambos sexos;TOTAL;2008;660.315
48 años;Ambos sexos;TOTAL;2007;640.184
48 años;Ambos sexos;TOTAL;2006;623.292
48 años;Ambos sexos;TOTAL;2005;579.467
48 años;Ambos sexos;TOTAL;2004;556.642
48 años;Ambos sexos;TOTAL;2003;530.715
48 años;Ambos sexos;TOTAL;2002;527.065
48 años;Ambos sexos;TOTAL;2001;521.914
48 años;Ambos sexos;TOTAL;2000;484.702
48 años;Ambos sexos;TOTAL;1999;477.179
48 años;Ambos sexos;TOTAL;1998;494.486
49 años;Ambos sexos;TOTAL;2022;779.120
49 años;Ambos sexos;TOTAL;2021;765.800
49 años;Ambos sexos;TOTAL;2020;756.066
49 años;Ambos sexos;TOTAL;2019;743.992
49 años;Ambos sexos;TOTAL;2018;736.585
49 años;Ambos sexos;TOTAL;2017;742.040
49 años;Ambos sexos;TOTAL;2016;725.737
49 años;Ambos sexos;TOTAL;2015;723.318
49 años;Ambos sexos;TOTAL;2014;736.944
49 años;Ambos sexos;TOTAL;2013;708.751
49 años;Ambos sexos;TOTAL;2012;689.673
49 años;Ambos sexos;TOTAL;2011;674.887
49 años;Ambos sexos;TOTAL;2010;680.355
49 años;Ambos sexos;TOTAL;2009;661.831
49 años;Ambos sexos;TOTAL;2008;645.842
49 años;Ambos sexos;TOTAL;2007;624.440
49 años;Ambos sexos;TOTAL;2006;581.780
49 años;Ambos sexos;TOTAL;2005;562.008
49 años;Ambos sexos;TOTAL;2004;531.820
49 años;Ambos sexos;TOTAL;2003;532.399
49 años;Ambos sexos;TOTAL;2002;526.199
49 años;Ambos sexos;TOTAL;2001;488.103
49 años;Ambos sexos;TOTAL;2000;477.163
49 años;Ambos sexos;TOTAL;1999;498.095
49 años;Ambos sexos;TOTAL;1998;521.033
50 años;Ambos sexos;TOTAL;2022;765.401
50 años;Ambos sexos;TOTAL;2021;754.611
50 años;Ambos sexos;TOTAL;2020;746.561
50 años;Ambos sexos;TOTAL;2019;737.418
50 años;Ambos sexos;TOTAL;2018;740.431
50 años;Ambos sexos;TOTAL;2017;722.916
50 años;Ambos sexos;TOTAL;2016;719.658
50 años;Ambos sexos;TOTAL;2015;731.938
50 años;Ambos sexos;TOTAL;2014;700.740
50 años;Ambos sexos;TOTAL;2013;684.793
50 años;Ambos sexos;TOTAL;2012;672.383
50 años;Ambos sexos;TOTAL;2011;678.649
50 años;Ambos sexos;TOTAL;2010;660.721
50 años;Ambos sexos;TOTAL;2009;647.015
50 años;Ambos sexos;TOTAL;2008;629.344
50 años;Ambos sexos;TOTAL;2007;582.654
50 años;Ambos sexos;TOTAL;2006;563.957
50 años;Ambos sexos;TOTAL;2005;536.762
50 años;Ambos sexos;TOTAL;2004;533.338
50 años;Ambos sexos;TOTAL;2003;531.055
50 años;Ambos sexos;TOTAL;2002;491.859
50 años;Ambos sexos;TOTAL;2001;480.401
50 años;Ambos sexos;TOTAL;2000;497.769
50 años;Ambos sexos;TOTAL;1999;525.105
50 años;Ambos sexos;TOTAL;1998;475.695
51 años;Ambos sexos;TOTAL;2022;754.102
51 años;Ambos sexos;TOTAL;2021;744.844
51 años;Ambos sexos;TOTAL;2020;739.570
51 años;Ambos sexos;TOTAL;2019;741.300
51 años;Ambos sexos;TOTAL;2018;721.308
51 años;Ambos sexos;TOTAL;2017;716.452
51 años;Ambos sexos;TOTAL;2016;728.209
51 años;Ambos sexos;TOTAL;2015;695.692
51 años;Ambos sexos;TOTAL;2014;677.104
51 años;Ambos sexos;TOTAL;2013;667.651
51 años;Ambos sexos;TOTAL;2012;675.303
51 años;Ambos sexos;TOTAL;2011;658.811
51 años;Ambos sexos;TOTAL;2010;645.645
51 años;Ambos sexos;TOTAL;2009;629.899
51 años;Ambos sexos;TOTAL;2008;587.118
51 años;Ambos sexos;TOTAL;2007;564.709
51 años;Ambos sexos;TOTAL;2006;538.490
51 años;Ambos sexos;TOTAL;2005;537.784
51 años;Ambos sexos;TOTAL;2004;531.675
51 años;Ambos sexos;TOTAL;2003;496.167
51 años;Ambos sexos;TOTAL;2002;483.746
51 años;Ambos sexos;TOTAL;2001;500.338
51 años;Ambos sexos;TOTAL;2000;524.353
51 años;Ambos sexos;TOTAL;1999;479.678
51 años;Ambos sexos;TOTAL;1998;457.059
52 años;Ambos sexos;TOTAL;2022;744.082
52 años;Ambos sexos;TOTAL;2021;737.811
52 años;Ambos sexos;TOTAL;2020;742.853
52 años;Ambos sexos;TOTAL;2019;721.687
52 años;Ambos sexos;TOTAL;2018;714.688
52 años;Ambos sexos;TOTAL;2017;724.747
52 años;Ambos sexos;TOTAL;2016;691.739
52 años;Ambos sexos;TOTAL;2015;672.325
52 años;Ambos sexos;TOTAL;2014;659.986
52 años;Ambos sexos;TOTAL;2013;670.414
52 años;Ambos sexos;TOTAL;2012;655.831
52 años;Ambos sexos;TOTAL;2011;643.672
52 años;Ambos sexos;TOTAL;2010;628.556
52 años;Ambos sexos;TOTAL;2009;587.370
52 años;Ambos sexos;TOTAL;2008;569.064
52 años;Ambos sexos;TOTAL;2007;539.094
52 años;Ambos sexos;TOTAL;2006;539.211
52 años;Ambos sexos;TOTAL;2005;535.713
52 años;Ambos sexos;TOTAL;2004;496.707
52 años;Ambos sexos;TOTAL;2003;487.758
52 años;Ambos sexos;TOTAL;2002;503.044
52 años;Ambos sexos;TOTAL;2001;526.666
52 años;Ambos sexos;TOTAL;2000;478.551
52 años;Ambos sexos;TOTAL;1999;460.775
52 años;Ambos sexos;TOTAL;1998;484.931
53 años;Ambos sexos;TOTAL;2022;736.647
53 años;Ambos sexos;TOTAL;2021;740.743
53 años;Ambos sexos;TOTAL;2020;723.278
53 años;Ambos sexos;TOTAL;2019;714.814
53 años;Ambos sexos;TOTAL;2018;722.923
53 años;Ambos sexos;TOTAL;2017;688.490
53 años;Ambos sexos;TOTAL;2016;668.467
53 años;Ambos sexos;TOTAL;2015;655.361
53 años;Ambos sexos;TOTAL;2014;662.357
53 años;Ambos sexos;TOTAL;2013;650.793
53 años;Ambos sexos;TOTAL;2012;640.459
53 años;Ambos sexos;TOTAL;2011;626.535
53 años;Ambos sexos;TOTAL;2010;585.849
53 años;Ambos sexos;TOTAL;2009;569.398
53 años;Ambos sexos;TOTAL;2008;542.555
53 años;Ambos sexos;TOTAL;2007;539.391
53 años;Ambos sexos;TOTAL;2006;537.049
53 años;Ambos sexos;TOTAL;2005;500.364
53 años;Ambos sexos;TOTAL;2004;487.756
53 años;Ambos sexos;TOTAL;2003;506.594
53 años;Ambos sexos;TOTAL;2002;528.984
53 años;Ambos sexos;TOTAL;2001;480.587
53 años;Ambos sexos;TOTAL;2000;459.440
53 años;Ambos sexos;TOTAL;1999;488.652
53 años;Ambos sexos;TOTAL;1998;459.767
54 años;Ambos sexos;TOTAL;2022;739.447
54 años;Ambos sexos;TOTAL;2021;721.266
54 años;Ambos sexos;TOTAL;2020;716.187
54 años;Ambos sexos;TOTAL;2019;722.621
54 años;Ambos sexos;TOTAL;2018;686.744
54 años;Ambos sexos;TOTAL;2017;665.002
54 años;Ambos sexos;TOTAL;2016;651.451
54 años;Ambos sexos;TOTAL;2015;657.284
54 años;Ambos sexos;TOTAL;2014;643.060
54 años;Ambos sexos;TOTAL;2013;635.692
54 años;Ambos sexos;TOTAL;2012;623.725
54 años;Ambos sexos;TOTAL;2011;583.767
54 años;Ambos sexos;TOTAL;2010;567.759
54 años;Ambos sexos;TOTAL;2009;542.326
54 años;Ambos sexos;TOTAL;2008;542.292
54 años;Ambos sexos;TOTAL;2007;537.029
54 años;Ambos sexos;TOTAL;2006;501.609
54 años;Ambos sexos;TOTAL;2005;491.188
54 años;Ambos sexos;TOTAL;2004;506.608
54 años;Ambos sexos;TOTAL;2003;532.260
54 años;Ambos sexos;TOTAL;2002;482.542
54 años;Ambos sexos;TOTAL;2001;461.089
54 años;Ambos sexos;TOTAL;2000;486.621
54 años;Ambos sexos;TOTAL;1999;463.309
54 años;Ambos sexos;TOTAL;1998;456.198
55 años;Ambos sexos;TOTAL;2022;719.882
55 años;Ambos sexos;TOTAL;2021;714.012
55 años;Ambos sexos;TOTAL;2020;723.607
55 años;Ambos sexos;TOTAL;2019;686.386
55 años;Ambos sexos;TOTAL;2018;662.954
55 años;Ambos sexos;TOTAL;2017;648.122
55 años;Ambos sexos;TOTAL;2016;653.394
55 años;Ambos sexos;TOTAL;2015;638.175
55 años;Ambos sexos;TOTAL;2014;628.232
55 años;Ambos sexos;TOTAL;2013;619.007
55 años;Ambos sexos;TOTAL;2012;581.107
55 años;Ambos sexos;TOTAL;2011;565.727
55 años;Ambos sexos;TOTAL;2010;540.711
55 años;Ambos sexos;TOTAL;2009;542.340
55 años;Ambos sexos;TOTAL;2008;539.671
55 años;Ambos sexos;TOTAL;2007;501.648
55 años;Ambos sexos;TOTAL;2006;492.190
55 años;Ambos sexos;TOTAL;2005;509.656
55 años;Ambos sexos;TOTAL;2004;531.807
55 años;Ambos sexos;TOTAL;2003;485.835
55 años;Ambos sexos;TOTAL;2002;462.857
55 años;Ambos sexos;TOTAL;2001;487.789
55 años;Ambos sexos;TOTAL;2000;461.363
55 años;Ambos sexos;TOTAL;1999;459.603
55 años;Ambos sexos;TOTAL;1998;395.888
56 años;Ambos sexos;TOTAL;2022;712.631
56 años;Ambos sexos;TOTAL;2021;721.469
56 años;Ambos sexos;TOTAL;2020;687.168
56 años;Ambos sexos;TOTAL;2019;662.447
56 años;Ambos sexos;TOTAL;2018;645.927
56 años;Ambos sexos;TOTAL;2017;649.853
56 años;Ambos sexos;TOTAL;2016;634.251
56 años;Ambos sexos;TOTAL;2015;623.443
56 años;Ambos sexos;TOTAL;2014;611.424
56 años;Ambos sexos;TOTAL;2013;576.593
56 años;Ambos sexos;TOTAL;2012;562.983
56 años;Ambos sexos;TOTAL;2011;538.790
56 años;Ambos sexos;TOTAL;2010;540.680
56 años;Ambos sexos;TOTAL;2009;539.427
56 años;Ambos sexos;TOTAL;2008;503.934
56 años;Ambos sexos;TOTAL;2007;491.948
56 años;Ambos sexos;TOTAL;2006;510.397
56 años;Ambos sexos;TOTAL;2005;534.562
56 años;Ambos sexos;TOTAL;2004;485.535
56 años;Ambos sexos;TOTAL;2003;465.822
56 años;Ambos sexos;TOTAL;2002;488.832
56 años;Ambos sexos;TOTAL;2001;462.472
56 años;Ambos sexos;TOTAL;2000;457.570
56 años;Ambos sexos;TOTAL;1999;398.812
56 años;Ambos sexos;TOTAL;1998;365.391
57 años;Ambos sexos;TOTAL;2022;720.045
57 años;Ambos sexos;TOTAL;2021;684.645
57 años;Ambos sexos;TOTAL;2020;662.495
57 años;Ambos sexos;TOTAL;2019;645.247
57 años;Ambos sexos;TOTAL;2018;647.309
57 años;Ambos sexos;TOTAL;2017;630.470
57 años;Ambos sexos;TOTAL;2016;619.203
57 años;Ambos sexos;TOTAL;2015;606.461
57 años;Ambos sexos;TOTAL;2014;569.328
57 años;Ambos sexos;TOTAL;2013;558.296
57 años;Ambos sexos;TOTAL;2012;536.062
57 años;Ambos sexos;TOTAL;2011;538.312
57 años;Ambos sexos;TOTAL;2010;537.545
57 años;Ambos sexos;TOTAL;2009;503.716
57 años;Ambos sexos;TOTAL;2008;493.632
57 años;Ambos sexos;TOTAL;2007;510.218
57 años;Ambos sexos;TOTAL;2006;535.400
57 años;Ambos sexos;TOTAL;2005;488.213
57 años;Ambos sexos;TOTAL;2004;465.109
57 años;Ambos sexos;TOTAL;2003;490.999
57 años;Ambos sexos;TOTAL;2002;463.414
57 años;Ambos sexos;TOTAL;2001;458.123
57 años;Ambos sexos;TOTAL;2000;396.550
57 años;Ambos sexos;TOTAL;1999;368.249
57 años;Ambos sexos;TOTAL;1998;456.500
58 años;Ambos sexos;TOTAL;2022;682.761
58 años;Ambos sexos;TOTAL;2021;659.969
58 años;Ambos sexos;TOTAL;2020;645.423
58 años;Ambos sexos;TOTAL;2019;646.266
58 años;Ambos sexos;TOTAL;2018;627.913
58 años;Ambos sexos;TOTAL;2017;615.429
58 años;Ambos sexos;TOTAL;2016;602.120
58 años;Ambos sexos;TOTAL;2015;564.754
58 años;Ambos sexos;TOTAL;2014;551.081
58 años;Ambos sexos;TOTAL;2013;531.693
58 años;Ambos sexos;TOTAL;2012;535.482
58 años;Ambos sexos;TOTAL;2011;535.201
58 años;Ambos sexos;TOTAL;2010;502.052
58 años;Ambos sexos;TOTAL;2009;492.763
58 años;Ambos sexos;TOTAL;2008;511.741
58 años;Ambos sexos;TOTAL;2007;534.634
58 años;Ambos sexos;TOTAL;2006;489.115
58 años;Ambos sexos;TOTAL;2005;467.358
58 años;Ambos sexos;TOTAL;2004;489.765
58 años;Ambos sexos;TOTAL;2003;465.620
58 años;Ambos sexos;TOTAL;2002;458.743
58 años;Ambos sexos;TOTAL;2001;397.247
58 años;Ambos sexos;TOTAL;2000;366.076
58 años;Ambos sexos;TOTAL;1999;459.345
58 años;Ambos sexos;TOTAL;1998;304.091
59 años;Ambos sexos;TOTAL;2022;657.716
59 años;Ambos sexos;TOTAL;2021;642.560
59 años;Ambos sexos;TOTAL;2020;646.164
59 años;Ambos sexos;TOTAL;2019;626.603
59 años;Ambos sexos;TOTAL;2018;612.432
59 años;Ambos sexos;TOTAL;2017;598.465
59 años;Ambos sexos;TOTAL;2016;560.243
59 años;Ambos sexos;TOTAL;2015;546.410
59 años;Ambos sexos;TOTAL;2014;524.487
59 años;Ambos sexos;TOTAL;2013;530.940
59 años;Ambos sexos;TOTAL;2012;532.125
59 años;Ambos sexos;TOTAL;2011;499.784
59 años;Ambos sexos;TOTAL;2010;490.888
59 años;Ambos sexos;TOTAL;2009;510.725
59 años;Ambos sexos;TOTAL;2008;535.478
59 años;Ambos sexos;TOTAL;2007;488.827
59 años;Ambos sexos;TOTAL;2006;468.134
59 años;Ambos sexos;TOTAL;2005;491.512
59 años;Ambos sexos;TOTAL;2004;464.413
59 años;Ambos sexos;TOTAL;2003;460.639
59 años;Ambos sexos;TOTAL;2002;397.596
59 años;Ambos sexos;TOTAL;2001;366.543
59 años;Ambos sexos;TOTAL;2000;456.191
59 años;Ambos sexos;TOTAL;1999;305.826
59 años;Ambos sexos;TOTAL;1998;349.033
60 años;Ambos sexos;TOTAL;2022;640.429
60 años;Ambos sexos;TOTAL;2021;642.731
60 años;Ambos sexos;TOTAL;2020;626.256
60 años;Ambos sexos;TOTAL;2019;610.890
60 años;Ambos sexos;TOTAL;2018;595.955
60 años;Ambos sexos;TOTAL;2017;556.708
60 años;Ambos sexos;TOTAL;2016;542.290
60 años;Ambos sexos;TOTAL;2015;519.767
60 años;Ambos sexos;TOTAL;2014;523.649
60 años;Ambos sexos;TOTAL;2013;527.688
60 años;Ambos sexos;TOTAL;2012;497.163
60 años;Ambos sexos;TOTAL;2011;488.774
60 años;Ambos sexos;TOTAL;2010;509.028
60 años;Ambos sexos;TOTAL;2009;534.424
60 años;Ambos sexos;TOTAL;2008;490.101
60 años;Ambos sexos;TOTAL;2007;467.828
60 años;Ambos sexos;TOTAL;2006;491.501
60 años;Ambos sexos;TOTAL;2005;466.538
60 años;Ambos sexos;TOTAL;2004;459.302
60 años;Ambos sexos;TOTAL;2003;399.360
60 años;Ambos sexos;TOTAL;2002;367.109
60 años;Ambos sexos;TOTAL;2001;456.389
60 años;Ambos sexos;TOTAL;2000;304.205
60 años;Ambos sexos;TOTAL;1999;350.929
60 años;Ambos sexos;TOTAL;1998;394.544
61 años;Ambos sexos;TOTAL;2022;639.928
61 años;Ambos sexos;TOTAL;2021;622.842
61 años;Ambos sexos;TOTAL;2020;609.868
61 años;Ambos sexos;TOTAL;2019;594.378
61 años;Ambos sexos;TOTAL;2018;554.156
61 años;Ambos sexos;TOTAL;2017;538.654
61 años;Ambos sexos;TOTAL;2016;515.778
61 años;Ambos sexos;TOTAL;2015;519.239
61 años;Ambos sexos;TOTAL;2014;520.465
61 años;Ambos sexos;TOTAL;2013;493.019
61 años;Ambos sexos;TOTAL;2012;485.595
61 años;Ambos sexos;TOTAL;2011;506.636
61 años;Ambos sexos;TOTAL;2010;532.448
61 años;Ambos sexos;TOTAL;2009;489.019
61 años;Ambos sexos;TOTAL;2008;468.563
61 años;Ambos sexos;TOTAL;2007;490.418
61 años;Ambos sexos;TOTAL;2006;466.780
61 años;Ambos sexos;TOTAL;2005;460.832
61 años;Ambos sexos;TOTAL;2004;398.029
61 años;Ambos sexos;TOTAL;2003;368.845
61 años;Ambos sexos;TOTAL;2002;456.411
61 años;Ambos sexos;TOTAL;2001;304.603
61 años;Ambos sexos;TOTAL;2000;348.682
61 años;Ambos sexos;TOTAL;1999;396.623
61 años;Ambos sexos;TOTAL;1998;442.054
62 años;Ambos sexos;TOTAL;2022;619.817
62 años;Ambos sexos;TOTAL;2021;606.065
62 años;Ambos sexos;TOTAL;2020;592.896
62 años;Ambos sexos;TOTAL;2019;552.260
62 años;Ambos sexos;TOTAL;2018;536.188
62 años;Ambos sexos;TOTAL;2017;512.193
62 años;Ambos sexos;TOTAL;2016;514.884
62 años;Ambos sexos;TOTAL;2015;515.837
62 años;Ambos sexos;TOTAL;2014;486.037
62 años;Ambos sexos;TOTAL;2013;481.186
62 años;Ambos sexos;TOTAL;2012;503.670
62 años;Ambos sexos;TOTAL;2011;529.608
62 años;Ambos sexos;TOTAL;2010;486.841
62 años;Ambos sexos;TOTAL;2009;467.137
62 años;Ambos sexos;TOTAL;2008;490.062
62 años;Ambos sexos;TOTAL;2007;465.909
62 años;Ambos sexos;TOTAL;2006;460.431
62 años;Ambos sexos;TOTAL;2005;399.347
62 años;Ambos sexos;TOTAL;2004;367.362
62 años;Ambos sexos;TOTAL;2003;457.304
62 años;Ambos sexos;TOTAL;2002;304.843
62 años;Ambos sexos;TOTAL;2001;348.657
62 años;Ambos sexos;TOTAL;2000;393.392
62 años;Ambos sexos;TOTAL;1999;443.775
62 años;Ambos sexos;TOTAL;1998;427.538
63 años;Ambos sexos;TOTAL;2022;602.800
63 años;Ambos sexos;TOTAL;2021;588.988
63 años;Ambos sexos;TOTAL;2020;550.833
63 años;Ambos sexos;TOTAL;2019;534.363
63 años;Ambos sexos;TOTAL;2018;509.300
63 años;Ambos sexos;TOTAL;2017;511.120
63 años;Ambos sexos;TOTAL;2016;511.418
63 años;Ambos sexos;TOTAL;2015;481.696
63 años;Ambos sexos;TOTAL;2014;473.812
63 años;Ambos sexos;TOTAL;2013;499.051
63 años;Ambos sexos;TOTAL;2012;526.128
63 años;Ambos sexos;TOTAL;2011;484.041
63 años;Ambos sexos;TOTAL;2010;464.834
63 años;Ambos sexos;TOTAL;2009;487.544
63 años;Ambos sexos;TOTAL;2008;465.785
63 años;Ambos sexos;TOTAL;2007;458.984
63 años;Ambos sexos;TOTAL;2006;399.057
63 años;Ambos sexos;TOTAL;2005;368.253
63 años;Ambos sexos;TOTAL;2004;454.836
63 años;Ambos sexos;TOTAL;2003;305.814
63 años;Ambos sexos;TOTAL;2002;348.287
63 años;Ambos sexos;TOTAL;2001;392.794
63 años;Ambos sexos;TOTAL;2000;439.215
63 años;Ambos sexos;TOTAL;1999;429.177
63 años;Ambos sexos;TOTAL;1998;426.486
64 años;Ambos sexos;TOTAL;2022;585.559
64 años;Ambos sexos;TOTAL;2021;546.610
64 años;Ambos sexos;TOTAL;2020;532.821
64 años;Ambos sexos;TOTAL;2019;507.220
64 años;Ambos sexos;TOTAL;2018;508.346
64 años;Ambos sexos;TOTAL;2017;507.186
64 años;Ambos sexos;TOTAL;2016;477.596
64 años;Ambos sexos;TOTAL;2015;469.404
64 años;Ambos sexos;TOTAL;2014;491.280
64 años;Ambos sexos;TOTAL;2013;521.110
64 años;Ambos sexos;TOTAL;2012;480.732
64 años;Ambos sexos;TOTAL;2011;461.852
64 años;Ambos sexos;TOTAL;2010;484.581
64 años;Ambos sexos;TOTAL;2009;463.687
64 años;Ambos sexos;TOTAL;2008;458.093
64 años;Ambos sexos;TOTAL;2007;397.342
64 años;Ambos sexos;TOTAL;2006;367.658
64 años;Ambos sexos;TOTAL;2005;454.755
64 años;Ambos sexos;TOTAL;2004;303.857
64 años;Ambos sexos;TOTAL;2003;348.651
64 años;Ambos sexos;TOTAL;2002;391.356
64 años;Ambos sexos;TOTAL;2001;437.269
64 años;Ambos sexos;TOTAL;2000;424.031
64 años;Ambos sexos;TOTAL;1999;427.457
64 años;Ambos sexos;TOTAL;1998;442.103
65 años;Ambos sexos;TOTAL;2022;543.337
65 años;Ambos sexos;TOTAL;2021;528.212
65 años;Ambos sexos;TOTAL;2020;505.548
65 años;Ambos sexos;TOTAL;2019;506.410
65 años;Ambos sexos;TOTAL;2018;504.501
65 años;Ambos sexos;TOTAL;2017;474.035
65 años;Ambos sexos;TOTAL;2016;465.458
65 años;Ambos sexos;TOTAL;2015;487.001
65 años;Ambos sexos;TOTAL;2014;513.109
65 años;Ambos sexos;TOTAL;2013;476.298
65 años;Ambos sexos;TOTAL;2012;458.781
65 años;Ambos sexos;TOTAL;2011;481.518
65 años;Ambos sexos;TOTAL;2010;461.372
65 años;Ambos sexos;TOTAL;2009;456.829
65 años;Ambos sexos;TOTAL;2008;396.963
65 años;Ambos sexos;TOTAL;2007;366.126
65 años;Ambos sexos;TOTAL;2006;453.623
65 años;Ambos sexos;TOTAL;2005;304.685
65 años;Ambos sexos;TOTAL;2004;346.414
65 años;Ambos sexos;TOTAL;2003;391.614
65 años;Ambos sexos;TOTAL;2002;435.384
65 años;Ambos sexos;TOTAL;2001;422.814
65 años;Ambos sexos;TOTAL;2000;423.000
65 años;Ambos sexos;TOTAL;1999;442.653
65 años;Ambos sexos;TOTAL;1998;437.877
66 años;Ambos sexos;TOTAL;2022;524.686
66 años;Ambos sexos;TOTAL;2021;501.188
66 años;Ambos sexos;TOTAL;2020;504.402
66 años;Ambos sexos;TOTAL;2019;501.982
66 años;Ambos sexos;TOTAL;2018;471.255
66 años;Ambos sexos;TOTAL;2017;461.268
66 años;Ambos sexos;TOTAL;2016;482.053
66 años;Ambos sexos;TOTAL;2015;507.967
66 años;Ambos sexos;TOTAL;2014;468.153
66 años;Ambos sexos;TOTAL;2013;454.170
66 años;Ambos sexos;TOTAL;2012;477.759
66 años;Ambos sexos;TOTAL;2011;458.009
66 años;Ambos sexos;TOTAL;2010;453.673
66 años;Ambos sexos;TOTAL;2009;394.748
66 años;Ambos sexos;TOTAL;2008;365.289
66 años;Ambos sexos;TOTAL;2007;450.738
66 años;Ambos sexos;TOTAL;2006;303.849
66 años;Ambos sexos;TOTAL;2005;346.170
66 años;Ambos sexos;TOTAL;2004;388.327
66 años;Ambos sexos;TOTAL;2003;434.038
66 años;Ambos sexos;TOTAL;2002;420.638
66 años;Ambos sexos;TOTAL;2001;420.727
66 años;Ambos sexos;TOTAL;2000;437.314
66 años;Ambos sexos;TOTAL;1999;438.114
66 años;Ambos sexos;TOTAL;1998;417.695
67 años;Ambos sexos;TOTAL;2022;497.405
67 años;Ambos sexos;TOTAL;2021;499.305
67 años;Ambos sexos;TOTAL;2020;499.034
67 años;Ambos sexos;TOTAL;2019;468.251
67 años;Ambos sexos;TOTAL;2018;457.564
67 años;Ambos sexos;TOTAL;2017;476.907
67 años;Ambos sexos;TOTAL;2016;501.944
67 años;Ambos sexos;TOTAL;2015;462.628
67 años;Ambos sexos;TOTAL;2014;445.835
67 años;Ambos sexos;TOTAL;2013;472.074
67 años;Ambos sexos;TOTAL;2012;453.972
67 años;Ambos sexos;TOTAL;2011;449.672
67 años;Ambos sexos;TOTAL;2010;391.587
67 años;Ambos sexos;TOTAL;2009;363.202
67 años;Ambos sexos;TOTAL;2008;448.191
67 años;Ambos sexos;TOTAL;2007;301.771
67 años;Ambos sexos;TOTAL;2006;344.320
67 años;Ambos sexos;TOTAL;2005;387.030
67 años;Ambos sexos;TOTAL;2004;429.214
67 años;Ambos sexos;TOTAL;2003;418.580
67 años;Ambos sexos;TOTAL;2002;417.326
67 años;Ambos sexos;TOTAL;2001;434.144
67 años;Ambos sexos;TOTAL;2000;431.359
67 años;Ambos sexos;TOTAL;1999;417.218
67 años;Ambos sexos;TOTAL;1998;422.283
68 años;Ambos sexos;TOTAL;2022;494.538
68 años;Ambos sexos;TOTAL;2021;493.115
68 años;Ambos sexos;TOTAL;2020;464.923
68 años;Ambos sexos;TOTAL;2019;453.895
68 años;Ambos sexos;TOTAL;2018;472.563
68 años;Ambos sexos;TOTAL;2017;496.035
68 años;Ambos sexos;TOTAL;2016;456.520
68 años;Ambos sexos;TOTAL;2015;440.172
68 años;Ambos sexos;TOTAL;2014;463.386
68 años;Ambos sexos;TOTAL;2013;448.119
68 años;Ambos sexos;TOTAL;2012;445.031
68 años;Ambos sexos;TOTAL;2011;387.580
68 años;Ambos sexos;TOTAL;2010;359.904
68 años;Ambos sexos;TOTAL;2009;443.982
68 años;Ambos sexos;TOTAL;2008;299.936
68 años;Ambos sexos;TOTAL;2007;341.134
68 años;Ambos sexos;TOTAL;2006;384.024
68 años;Ambos sexos;TOTAL;2005;426.419
68 años;Ambos sexos;TOTAL;2004;413.195
68 años;Ambos sexos;TOTAL;2003;414.557
68 años;Ambos sexos;TOTAL;2002;429.755
68 años;Ambos sexos;TOTAL;2001;427.447
68 años;Ambos sexos;TOTAL;2000;409.874
68 años;Ambos sexos;TOTAL;1999;421.082
68 años;Ambos sexos;TOTAL;1998;396.969
69 años;Ambos sexos;TOTAL;2022;488.035
69 años;Ambos sexos;TOTAL;2021;459.052
69 años;Ambos sexos;TOTAL;2020;450.405
69 años;Ambos sexos;TOTAL;2019;468.257
69 años;Ambos sexos;TOTAL;2018;490.761
69 años;Ambos sexos;TOTAL;2017;450.519
69 años;Ambos sexos;TOTAL;2016;434.071
69 años;Ambos sexos;TOTAL;2015;457.184
69 años;Ambos sexos;TOTAL;2014;438.855
69 años;Ambos sexos;TOTAL;2013;438.678
69 años;Ambos sexos;TOTAL;2012;383.117
69 años;Ambos sexos;TOTAL;2011;355.955
69 años;Ambos sexos;TOTAL;2010;439.098
69 años;Ambos sexos;TOTAL;2009;296.582
69 años;Ambos sexos;TOTAL;2008;338.501
69 años;Ambos sexos;TOTAL;2007;379.695
69 años;Ambos sexos;TOTAL;2006;422.077
69 años;Ambos sexos;TOTAL;2005;409.933
69 años;Ambos sexos;TOTAL;2004;408.625
69 años;Ambos sexos;TOTAL;2003;425.614
69 años;Ambos sexos;TOTAL;2002;422.191
69 años;Ambos sexos;TOTAL;2001;405.261
69 años;Ambos sexos;TOTAL;2000;412.822
69 años;Ambos sexos;TOTAL;1999;395.170
69 años;Ambos sexos;TOTAL;1998;392.832
70 años;Ambos sexos;TOTAL;2022;454.067
70 años;Ambos sexos;TOTAL;2021;443.863
70 años;Ambos sexos;TOTAL;2020;463.894
70 años;Ambos sexos;TOTAL;2019;485.587
70 años;Ambos sexos;TOTAL;2018;445.458
70 años;Ambos sexos;TOTAL;2017;427.626
70 años;Ambos sexos;TOTAL;2016;450.076
70 años;Ambos sexos;TOTAL;2015;432.339
70 años;Ambos sexos;TOTAL;2014;429.263
70 años;Ambos sexos;TOTAL;2013;377.036
70 años;Ambos sexos;TOTAL;2012;351.302
70 años;Ambos sexos;TOTAL;2011;433.664
70 años;Ambos sexos;TOTAL;2010;292.978
70 años;Ambos sexos;TOTAL;2009;334.707
70 años;Ambos sexos;TOTAL;2008;375.793
70 años;Ambos sexos;TOTAL;2007;416.505
70 años;Ambos sexos;TOTAL;2006;405.127
70 años;Ambos sexos;TOTAL;2005;404.725
70 años;Ambos sexos;TOTAL;2004;418.870
70 años;Ambos sexos;TOTAL;2003;417.362
70 años;Ambos sexos;TOTAL;2002;399.562
70 años;Ambos sexos;TOTAL;2001;407.793
70 años;Ambos sexos;TOTAL;2000;386.581
70 años;Ambos sexos;TOTAL;1999;390.366
70 años;Ambos sexos;TOTAL;1998;365.101
71 años;Ambos sexos;TOTAL;2022;438.194
71 años;Ambos sexos;TOTAL;2021;456.527
71 años;Ambos sexos;TOTAL;2020;480.243
71 años;Ambos sexos;TOTAL;2019;440.117
71 años;Ambos sexos;TOTAL;2018;422.188
71 años;Ambos sexos;TOTAL;2017;443.176
71 años;Ambos sexos;TOTAL;2016;424.835
71 años;Ambos sexos;TOTAL;2015;422.313
71 años;Ambos sexos;TOTAL;2014;367.599
71 años;Ambos sexos;TOTAL;2013;345.236
71 años;Ambos sexos;TOTAL;2012;427.353
71 años;Ambos sexos;TOTAL;2011;288.779
71 años;Ambos sexos;TOTAL;2010;330.054
71 años;Ambos sexos;TOTAL;2009;371.383
71 años;Ambos sexos;TOTAL;2008;411.153
71 años;Ambos sexos;TOTAL;2007;398.954
71 años;Ambos sexos;TOTAL;2006;399.009
71 años;Ambos sexos;TOTAL;2005;413.442
71 años;Ambos sexos;TOTAL;2004;409.739
71 años;Ambos sexos;TOTAL;2003;394.207
71 años;Ambos sexos;TOTAL;2002;401.047
71 años;Ambos sexos;TOTAL;2001;381.087
71 años;Ambos sexos;TOTAL;2000;381.256
71 años;Ambos sexos;TOTAL;1999;362.067
71 años;Ambos sexos;TOTAL;1998;364.634
72 años;Ambos sexos;TOTAL;2022;450.173
72 años;Ambos sexos;TOTAL;2021;471.768
72 años;Ambos sexos;TOTAL;2020;434.463
72 años;Ambos sexos;TOTAL;2019;416.546
72 años;Ambos sexos;TOTAL;2018;436.573
72 años;Ambos sexos;TOTAL;2017;417.607
72 años;Ambos sexos;TOTAL;2016;414.616
72 años;Ambos sexos;TOTAL;2015;360.875
72 años;Ambos sexos;TOTAL;2014;336.020
72 años;Ambos sexos;TOTAL;2013;419.544
72 años;Ambos sexos;TOTAL;2012;284.179
72 años;Ambos sexos;TOTAL;2011;324.706
72 años;Ambos sexos;TOTAL;2010;365.658
72 años;Ambos sexos;TOTAL;2009;403.558
72 años;Ambos sexos;TOTAL;2008;393.247
72 años;Ambos sexos;TOTAL;2007;392.206
72 años;Ambos sexos;TOTAL;2006;406.473
72 años;Ambos sexos;TOTAL;2005;403.906
72 años;Ambos sexos;TOTAL;2004;386.198
72 años;Ambos sexos;TOTAL;2003;394.579
72 años;Ambos sexos;TOTAL;2002;373.916
72 años;Ambos sexos;TOTAL;2001;375.000
72 años;Ambos sexos;TOTAL;2000;352.909
72 años;Ambos sexos;TOTAL;1999;360.887
72 años;Ambos sexos;TOTAL;1998;342.741
73 años;Ambos sexos;TOTAL;2022;464.446
73 años;Ambos sexos;TOTAL;2021;426.059
73 años;Ambos sexos;TOTAL;2020;410.584
73 años;Ambos sexos;TOTAL;2019;429.981
73 años;Ambos sexos;TOTAL;2018;410.750
73 años;Ambos sexos;TOTAL;2017;406.910
73 años;Ambos sexos;TOTAL;2016;353.619
73 años;Ambos sexos;TOTAL;2015;329.552
73 años;Ambos sexos;TOTAL;2014;408.361
73 años;Ambos sexos;TOTAL;2013;278.150
73 años;Ambos sexos;TOTAL;2012;318.880
73 años;Ambos sexos;TOTAL;2011;359.232
73 años;Ambos sexos;TOTAL;2010;396.145
73 años;Ambos sexos;TOTAL;2009;386.780
73 años;Ambos sexos;TOTAL;2008;385.943
73 años;Ambos sexos;TOTAL;2007;398.449
73 años;Ambos sexos;TOTAL;2006;396.377
73 años;Ambos sexos;TOTAL;2005;379.758
73 años;Ambos sexos;TOTAL;2004;385.364
73 años;Ambos sexos;TOTAL;2003;366.951
73 años;Ambos sexos;TOTAL;2002;366.833
73 años;Ambos sexos;TOTAL;2001;346.306
73 años;Ambos sexos;TOTAL;2000;350.903
73 años;Ambos sexos;TOTAL;1999;338.473
73 años;Ambos sexos;TOTAL;1998;332.153
74 años;Ambos sexos;TOTAL;2022;418.747
74 años;Ambos sexos;TOTAL;2021;401.776
74 años;Ambos sexos;TOTAL;2020;422.992
74 años;Ambos sexos;TOTAL;2019;403.609
74 años;Ambos sexos;TOTAL;2018;399.513
74 años;Ambos sexos;TOTAL;2017;346.374
74 años;Ambos sexos;TOTAL;2016;322.311
74 años;Ambos sexos;TOTAL;2015;399.806
74 años;Ambos sexos;TOTAL;2014;268.753
74 años;Ambos sexos;TOTAL;2013;311.585
74 años;Ambos sexos;TOTAL;2012;352.037
74 años;Ambos sexos;TOTAL;2011;387.759
74 años;Ambos sexos;TOTAL;2010;379.131
74 años;Ambos sexos;TOTAL;2009;378.770
74 años;Ambos sexos;TOTAL;2008;390.806
74 años;Ambos sexos;TOTAL;2007;387.639
74 años;Ambos sexos;TOTAL;2006;371.412
74 años;Ambos sexos;TOTAL;2005;377.904
74 años;Ambos sexos;TOTAL;2004;357.272
74 años;Ambos sexos;TOTAL;2003;358.820
74 años;Ambos sexos;TOTAL;2002;337.863
74 años;Ambos sexos;TOTAL;2001;343.196
74 años;Ambos sexos;TOTAL;2000;328.067
74 años;Ambos sexos;TOTAL;1999;327.042
74 años;Ambos sexos;TOTAL;1998;315.674
75 años;Ambos sexos;TOTAL;2022;394.224
75 años;Ambos sexos;TOTAL;2021;412.897
75 años;Ambos sexos;TOTAL;2020;396.122
75 años;Ambos sexos;TOTAL;2019;392.053
75 años;Ambos sexos;TOTAL;2018;339.307
75 años;Ambos sexos;TOTAL;2017;314.893
75 años;Ambos sexos;TOTAL;2016;390.348
75 años;Ambos sexos;TOTAL;2015;262.124
75 años;Ambos sexos;TOTAL;2014;301.264
75 años;Ambos sexos;TOTAL;2013;343.194
75 años;Ambos sexos;TOTAL;2012;379.034
75 años;Ambos sexos;TOTAL;2011;370.830
75 años;Ambos sexos;TOTAL;2010;370.279
75 años;Ambos sexos;TOTAL;2009;381.682
75 años;Ambos sexos;TOTAL;2008;379.093
75 años;Ambos sexos;TOTAL;2007;362.271
75 años;Ambos sexos;TOTAL;2006;368.480
75 años;Ambos sexos;TOTAL;2005;349.116
75 años;Ambos sexos;TOTAL;2004;348.463
75 años;Ambos sexos;TOTAL;2003;329.395
75 años;Ambos sexos;TOTAL;2002;333.451
75 años;Ambos sexos;TOTAL;2001;320.111
75 años;Ambos sexos;TOTAL;2000;315.578
75 años;Ambos sexos;TOTAL;1999;309.828
75 años;Ambos sexos;TOTAL;1998;306.822
76 años;Ambos sexos;TOTAL;2022;403.801
76 años;Ambos sexos;TOTAL;2021;385.647
76 años;Ambos sexos;TOTAL;2020;384.038
76 años;Ambos sexos;TOTAL;2019;331.967
76 años;Ambos sexos;TOTAL;2018;307.892
76 años;Ambos sexos;TOTAL;2017;380.575
76 años;Ambos sexos;TOTAL;2016;254.784
76 años;Ambos sexos;TOTAL;2015;293.182
76 años;Ambos sexos;TOTAL;2014;331.763
76 años;Ambos sexos;TOTAL;2013;368.989
76 años;Ambos sexos;TOTAL;2012;361.576
76 años;Ambos sexos;TOTAL;2011;361.217
76 años;Ambos sexos;TOTAL;2010;372.143
76 años;Ambos sexos;TOTAL;2009;369.833
76 años;Ambos sexos;TOTAL;2008;353.244
76 años;Ambos sexos;TOTAL;2007;358.245
76 años;Ambos sexos;TOTAL;2006;339.457
76 años;Ambos sexos;TOTAL;2005;339.212
76 años;Ambos sexos;TOTAL;2004;318.769
76 años;Ambos sexos;TOTAL;2003;323.767
76 años;Ambos sexos;TOTAL;2002;309.937
76 años;Ambos sexos;TOTAL;2001;306.954
76 años;Ambos sexos;TOTAL;2000;298.461
76 años;Ambos sexos;TOTAL;1999;299.870
76 años;Ambos sexos;TOTAL;1998;277.368
77 años;Ambos sexos;TOTAL;2022;376.320
77 años;Ambos sexos;TOTAL;2021;372.681
77 años;Ambos sexos;TOTAL;2020;324.445
77 años;Ambos sexos;TOTAL;2019;300.434
77 años;Ambos sexos;TOTAL;2018;371.202
77 años;Ambos sexos;TOTAL;2017;247.484
77 años;Ambos sexos;TOTAL;2016;284.326
77 años;Ambos sexos;TOTAL;2015;322.406
77 años;Ambos sexos;TOTAL;2014;355.799
77 años;Ambos sexos;TOTAL;2013;350.724
77 años;Ambos sexos;TOTAL;2012;351.132
77 años;Ambos sexos;TOTAL;2011;361.556
77 años;Ambos sexos;TOTAL;2010;359.323
77 años;Ambos sexos;TOTAL;2009;343.497
77 años;Ambos sexos;TOTAL;2008;347.929
77 años;Ambos sexos;TOTAL;2007;328.713
77 años;Ambos sexos;TOTAL;2006;328.497
77 años;Ambos sexos;TOTAL;2005;309.363
77 años;Ambos sexos;TOTAL;2004;311.752
77 años;Ambos sexos;TOTAL;2003;299.645
77 años;Ambos sexos;TOTAL;2002;295.934
77 años;Ambos sexos;TOTAL;2001;289.118
77 años;Ambos sexos;TOTAL;2000;287.550
77 años;Ambos sexos;TOTAL;1999;269.707
77 años;Ambos sexos;TOTAL;1998;254.522
78 años;Ambos sexos;TOTAL;2022;362.457
78 años;Ambos sexos;TOTAL;2021;313.751
78 años;Ambos sexos;TOTAL;2020;292.813
78 años;Ambos sexos;TOTAL;2019;360.845
78 años;Ambos sexos;TOTAL;2018;240.249
78 años;Ambos sexos;TOTAL;2017;275.546
78 años;Ambos sexos;TOTAL;2016;311.945
78 años;Ambos sexos;TOTAL;2015;344.448
78 años;Ambos sexos;TOTAL;2014;337.543
78 años;Ambos sexos;TOTAL;2013;339.585
78 años;Ambos sexos;TOTAL;2012;350.260
78 años;Ambos sexos;TOTAL;2011;348.227
78 años;Ambos sexos;TOTAL;2010;332.468
78 años;Ambos sexos;TOTAL;2009;336.392
78 años;Ambos sexos;TOTAL;2008;318.251
78 años;Ambos sexos;TOTAL;2007;316.603
78 años;Ambos sexos;TOTAL;2006;298.275
78 años;Ambos sexos;TOTAL;2005;301.078
78 años;Ambos sexos;TOTAL;2004;287.457
78 años;Ambos sexos;TOTAL;2003;284.896
78 años;Ambos sexos;TOTAL;2002;277.505
78 años;Ambos sexos;TOTAL;2001;277.525
78 años;Ambos sexos;TOTAL;2000;257.429
78 años;Ambos sexos;TOTAL;1999;246.579
78 años;Ambos sexos;TOTAL;1998;212.408
79 años;Ambos sexos;TOTAL;2022;304.097
79 años;Ambos sexos;TOTAL;2021;282.170
79 años;Ambos sexos;TOTAL;2020;350.451
79 años;Ambos sexos;TOTAL;2019;232.740
79 años;Ambos sexos;TOTAL;2018;266.780
79 años;Ambos sexos;TOTAL;2017;301.379
79 años;Ambos sexos;TOTAL;2016;331.871
79 años;Ambos sexos;TOTAL;2015;325.912
79 años;Ambos sexos;TOTAL;2014;325.732
79 años;Ambos sexos;TOTAL;2013;337.376
79 años;Ambos sexos;TOTAL;2012;336.123
79 años;Ambos sexos;TOTAL;2011;320.759
79 años;Ambos sexos;TOTAL;2010;324.145
79 años;Ambos sexos;TOTAL;2009;306.837
79 años;Ambos sexos;TOTAL;2008;304.801
79 años;Ambos sexos;TOTAL;2007;286.223
79 años;Ambos sexos;TOTAL;2006;288.569
79 años;Ambos sexos;TOTAL;2005;276.307
79 años;Ambos sexos;TOTAL;2004;271.778
79 años;Ambos sexos;TOTAL;2003;265.751
79 años;Ambos sexos;TOTAL;2002;265.052
79 años;Ambos sexos;TOTAL;2001;247.030
79 años;Ambos sexos;TOTAL;2000;234.407
79 años;Ambos sexos;TOTAL;1999;204.606
79 años;Ambos sexos;TOTAL;1998;203.083
80 años;Ambos sexos;TOTAL;2022;272.326
80 años;Ambos sexos;TOTAL;2021;335.935
80 años;Ambos sexos;TOTAL;2020;225.063
80 años;Ambos sexos;TOTAL;2019;257.207
80 años;Ambos sexos;TOTAL;2018;290.489
80 años;Ambos sexos;TOTAL;2017;319.354
80 años;Ambos sexos;TOTAL;2016;313.134
80 años;Ambos sexos;TOTAL;2015;313.219
80 años;Ambos sexos;TOTAL;2014;322.307
80 años;Ambos sexos;TOTAL;2013;322.340
80 años;Ambos sexos;TOTAL;2012;308.062
80 años;Ambos sexos;TOTAL;2011;311.202
80 años;Ambos sexos;TOTAL;2010;294.176
80 años;Ambos sexos;TOTAL;2009;292.092
80 años;Ambos sexos;TOTAL;2008;274.363
80 años;Ambos sexos;TOTAL;2007;275.403
80 años;Ambos sexos;TOTAL;2006;263.367
80 años;Ambos sexos;TOTAL;2005;259.868
80 años;Ambos sexos;TOTAL;2004;252.123
80 años;Ambos sexos;TOTAL;2003;252.181
80 años;Ambos sexos;TOTAL;2002;234.322
80 años;Ambos sexos;TOTAL;2001;223.788
80 años;Ambos sexos;TOTAL;2000;193.441
80 años;Ambos sexos;TOTAL;1999;194.530
80 años;Ambos sexos;TOTAL;1998;184.715
81 años;Ambos sexos;TOTAL;2022;322.107
81 años;Ambos sexos;TOTAL;2021;214.227
81 años;Ambos sexos;TOTAL;2020;247.245
81 años;Ambos sexos;TOTAL;2019;278.875
81 años;Ambos sexos;TOTAL;2018;306.300
81 años;Ambos sexos;TOTAL;2017;300.099
81 años;Ambos sexos;TOTAL;2016;299.222
81 años;Ambos sexos;TOTAL;2015;308.339
81 años;Ambos sexos;TOTAL;2014;306.709
81 años;Ambos sexos;TOTAL;2013;293.711
81 años;Ambos sexos;TOTAL;2012;296.960
81 años;Ambos sexos;TOTAL;2011;280.737
81 años;Ambos sexos;TOTAL;2010;278.378
81 años;Ambos sexos;TOTAL;2009;261.403
81 años;Ambos sexos;TOTAL;2008;261.887
81 años;Ambos sexos;TOTAL;2007;249.733
81 años;Ambos sexos;TOTAL;2006;246.099
81 años;Ambos sexos;TOTAL;2005;239.595
81 años;Ambos sexos;TOTAL;2004;237.641
81 años;Ambos sexos;TOTAL;2003;221.814
81 años;Ambos sexos;TOTAL;2002;210.670
81 años;Ambos sexos;TOTAL;2001;183.668
81 años;Ambos sexos;TOTAL;2000;182.936
81 años;Ambos sexos;TOTAL;1999;175.971
81 años;Ambos sexos;TOTAL;1998;171.217
82 años;Ambos sexos;TOTAL;2022;204.492
82 años;Ambos sexos;TOTAL;2021;234.046
82 años;Ambos sexos;TOTAL;2020;266.750
82 años;Ambos sexos;TOTAL;2019;292.227
82 años;Ambos sexos;TOTAL;2018;286.130
82 años;Ambos sexos;TOTAL;2017;285.001
82 años;Ambos sexos;TOTAL;2016;292.626
82 años;Ambos sexos;TOTAL;2015;291.927
82 años;Ambos sexos;TOTAL;2014;277.807
82 años;Ambos sexos;TOTAL;2013;281.330
82 años;Ambos sexos;TOTAL;2012;266.404
82 años;Ambos sexos;TOTAL;2011;263.982
82 años;Ambos sexos;TOTAL;2010;247.314
82 años;Ambos sexos;TOTAL;2009;247.808
82 años;Ambos sexos;TOTAL;2008;236.168
82 años;Ambos sexos;TOTAL;2007;231.884
82 años;Ambos sexos;TOTAL;2006;225.320
82 años;Ambos sexos;TOTAL;2005;224.210
82 años;Ambos sexos;TOTAL;2004;207.536
82 años;Ambos sexos;TOTAL;2003;197.588
82 años;Ambos sexos;TOTAL;2002;171.507
82 años;Ambos sexos;TOTAL;2001;172.528
82 años;Ambos sexos;TOTAL;2000;164.474
82 años;Ambos sexos;TOTAL;1999;161.848
82 años;Ambos sexos;TOTAL;1998;161.427
83 años;Ambos sexos;TOTAL;2022;221.782
83 años;Ambos sexos;TOTAL;2021;250.823
83 años;Ambos sexos;TOTAL;2020;277.861
83 años;Ambos sexos;TOTAL;2019;271.159
83 años;Ambos sexos;TOTAL;2018;270.071
83 años;Ambos sexos;TOTAL;2017;276.763
83 años;Ambos sexos;TOTAL;2016;275.297
83 años;Ambos sexos;TOTAL;2015;262.554
83 años;Ambos sexos;TOTAL;2014;263.872
83 años;Ambos sexos;TOTAL;2013;250.401
83 años;Ambos sexos;TOTAL;2012;248.711
83 años;Ambos sexos;TOTAL;2011;232.755
83 años;Ambos sexos;TOTAL;2010;232.988
83 años;Ambos sexos;TOTAL;2009;221.496
83 años;Ambos sexos;TOTAL;2008;217.420
83 años;Ambos sexos;TOTAL;2007;210.652
83 años;Ambos sexos;TOTAL;2006;209.018
83 años;Ambos sexos;TOTAL;2005;194.059
83 años;Ambos sexos;TOTAL;2004;183.022
83 años;Ambos sexos;TOTAL;2003;159.463
83 años;Ambos sexos;TOTAL;2002;159.725
83 años;Ambos sexos;TOTAL;2001;153.814
83 años;Ambos sexos;TOTAL;2000;150.035
83 años;Ambos sexos;TOTAL;1999;151.998
83 años;Ambos sexos;TOTAL;1998;149.956
84 años;Ambos sexos;TOTAL;2022;236.079
84 años;Ambos sexos;TOTAL;2021;259.222
84 años;Ambos sexos;TOTAL;2020;256.152
84 años;Ambos sexos;TOTAL;2019;254.346
84 años;Ambos sexos;TOTAL;2018;260.294
84 años;Ambos sexos;TOTAL;2017;258.541
84 años;Ambos sexos;TOTAL;2016;245.675
84 años;Ambos sexos;TOTAL;2015;247.292
84 años;Ambos sexos;TOTAL;2014;233.278
84 años;Ambos sexos;TOTAL;2013;231.891
84 años;Ambos sexos;TOTAL;2012;217.438
84 años;Ambos sexos;TOTAL;2011;217.707
84 años;Ambos sexos;TOTAL;2010;206.704
84 años;Ambos sexos;TOTAL;2009;202.394
84 años;Ambos sexos;TOTAL;2008;195.907
84 años;Ambos sexos;TOTAL;2007;193.401
84 años;Ambos sexos;TOTAL;2006;179.395
84 años;Ambos sexos;TOTAL;2005;169.734
84 años;Ambos sexos;TOTAL;2004;146.263
84 años;Ambos sexos;TOTAL;2003;146.974
84 años;Ambos sexos;TOTAL;2002;141.169
84 años;Ambos sexos;TOTAL;2001;139.472
84 años;Ambos sexos;TOTAL;2000;139.879
84 años;Ambos sexos;TOTAL;1999;139.417
84 años;Ambos sexos;TOTAL;1998;134.618
85 años;Ambos sexos;TOTAL;2022;242.061
85 años;Ambos sexos;TOTAL;2021;236.367
85 años;Ambos sexos;TOTAL;2020;238.246
85 años;Ambos sexos;TOTAL;2019;242.630
85 años;Ambos sexos;TOTAL;2018;241.007
85 años;Ambos sexos;TOTAL;2017;228.408
85 años;Ambos sexos;TOTAL;2016;228.974
85 años;Ambos sexos;TOTAL;2015;216.892
85 años;Ambos sexos;TOTAL;2014;214.104
85 años;Ambos sexos;TOTAL;2013;200.745
85 años;Ambos sexos;TOTAL;2012;201.309
85 años;Ambos sexos;TOTAL;2011;191.235
85 años;Ambos sexos;TOTAL;2010;187.163
85 años;Ambos sexos;TOTAL;2009;180.645
85 años;Ambos sexos;TOTAL;2008;178.150
85 años;Ambos sexos;TOTAL;2007;164.551
85 años;Ambos sexos;TOTAL;2006;155.322
85 años;Ambos sexos;TOTAL;2005;134.390
85 años;Ambos sexos;TOTAL;2004;133.652
85 años;Ambos sexos;TOTAL;2003;128.838
85 años;Ambos sexos;TOTAL;2002;126.385
85 años;Ambos sexos;TOTAL;2001;128.820
85 años;Ambos sexos;TOTAL;2000;127.183
85 años;Ambos sexos;TOTAL;1999;123.805
85 años;Ambos sexos;TOTAL;1998;122.410
86 años;Ambos sexos;TOTAL;2022;218.650
86 años;Ambos sexos;TOTAL;2021;217.757
86 años;Ambos sexos;TOTAL;2020;225.005
86 años;Ambos sexos;TOTAL;2019;222.775
86 años;Ambos sexos;TOTAL;2018;210.578
86 años;Ambos sexos;TOTAL;2017;210.697
86 años;Ambos sexos;TOTAL;2016;198.937
86 años;Ambos sexos;TOTAL;2015;196.980
86 años;Ambos sexos;TOTAL;2014;183.527
86 años;Ambos sexos;TOTAL;2013;183.794
86 años;Ambos sexos;TOTAL;2012;175.244
86 años;Ambos sexos;TOTAL;2011;171.426
86 años;Ambos sexos;TOTAL;2010;165.163
86 años;Ambos sexos;TOTAL;2009;162.365
86 años;Ambos sexos;TOTAL;2008;149.764
86 años;Ambos sexos;TOTAL;2007;140.775
86 años;Ambos sexos;TOTAL;2006;121.620
86 años;Ambos sexos;TOTAL;2005;121.310
86 años;Ambos sexos;TOTAL;2004;115.617
86 años;Ambos sexos;TOTAL;2003;113.786
86 años;Ambos sexos;TOTAL;2002;114.868
86 años;Ambos sexos;TOTAL;2001;116.081
86 años;Ambos sexos;TOTAL;2000;111.985
86 años;Ambos sexos;TOTAL;1999;111.365
86 años;Ambos sexos;TOTAL;1998;104.447
87 años;Ambos sexos;TOTAL;2022;199.087
87 años;Ambos sexos;TOTAL;2021;202.864
87 años;Ambos sexos;TOTAL;2020;204.342
87 años;Ambos sexos;TOTAL;2019;192.079
87 años;Ambos sexos;TOTAL;2018;191.971
87 años;Ambos sexos;TOTAL;2017;181.380
87 años;Ambos sexos;TOTAL;2016;178.262
87 años;Ambos sexos;TOTAL;2015;166.997
87 años;Ambos sexos;TOTAL;2014;165.973
87 años;Ambos sexos;TOTAL;2013;158.026
87 años;Ambos sexos;TOTAL;2012;155.162
87 años;Ambos sexos;TOTAL;2011;149.869
87 años;Ambos sexos;TOTAL;2010;146.651
87 años;Ambos sexos;TOTAL;2009;134.780
87 años;Ambos sexos;TOTAL;2008;126.858
87 años;Ambos sexos;TOTAL;2007;108.670
87 años;Ambos sexos;TOTAL;2006;108.292
87 años;Ambos sexos;TOTAL;2005;103.709
87 años;Ambos sexos;TOTAL;2004;100.981
87 años;Ambos sexos;TOTAL;2003;102.243
87 años;Ambos sexos;TOTAL;2002;102.625
87 años;Ambos sexos;TOTAL;2001;100.971
87 años;Ambos sexos;TOTAL;2000;99.199
87 años;Ambos sexos;TOTAL;1999;93.685
87 años;Ambos sexos;TOTAL;1998;92.652
88 años;Ambos sexos;TOTAL;2022;182.796
88 años;Ambos sexos;TOTAL;2021;181.838
88 años;Ambos sexos;TOTAL;2020;174.204
88 años;Ambos sexos;TOTAL;2019;173.068
88 años;Ambos sexos;TOTAL;2018;162.968
88 años;Ambos sexos;TOTAL;2017;160.341
88 años;Ambos sexos;TOTAL;2016;149.280
88 años;Ambos sexos;TOTAL;2015;148.990
88 años;Ambos sexos;TOTAL;2014;140.502
88 años;Ambos sexos;TOTAL;2013;138.101
88 años;Ambos sexos;TOTAL;2012;134.066
88 años;Ambos sexos;TOTAL;2011;130.967
88 años;Ambos sexos;TOTAL;2010;120.200
88 años;Ambos sexos;TOTAL;2009;112.697
88 años;Ambos sexos;TOTAL;2008;96.506
88 años;Ambos sexos;TOTAL;2007;95.351
88 años;Ambos sexos;TOTAL;2006;91.045
88 años;Ambos sexos;TOTAL;2005;89.484
88 años;Ambos sexos;TOTAL;2004;89.328
88 años;Ambos sexos;TOTAL;2003;89.899
88 años;Ambos sexos;TOTAL;2002;87.912
88 años;Ambos sexos;TOTAL;2001;88.497
88 años;Ambos sexos;TOTAL;2000;82.742
88 años;Ambos sexos;TOTAL;1999;82.123
88 años;Ambos sexos;TOTAL;1998;75.518
89 años;Ambos sexos;TOTAL;2022;161.951
89 años;Ambos sexos;TOTAL;2021;152.273
89 años;Ambos sexos;TOTAL;2020;154.619
89 años;Ambos sexos;TOTAL;2019;144.695
89 años;Ambos sexos;TOTAL;2018;141.853
89 años;Ambos sexos;TOTAL;2017;132.091
89 años;Ambos sexos;TOTAL;2016;130.936
89 años;Ambos sexos;TOTAL;2015;124.413
89 años;Ambos sexos;TOTAL;2014;121.251
89 años;Ambos sexos;TOTAL;2013;117.399
89 años;Ambos sexos;TOTAL;2012;115.306
89 años;Ambos sexos;TOTAL;2011;105.768
89 años;Ambos sexos;TOTAL;2010;98.758
89 años;Ambos sexos;TOTAL;2009;84.381
89 años;Ambos sexos;TOTAL;2008;83.238
89 años;Ambos sexos;TOTAL;2007;79.089
89 años;Ambos sexos;TOTAL;2006;77.731
89 años;Ambos sexos;TOTAL;2005;77.956
89 años;Ambos sexos;TOTAL;2004;77.511
89 años;Ambos sexos;TOTAL;2003;75.977
89 años;Ambos sexos;TOTAL;2002;75.827
89 años;Ambos sexos;TOTAL;2001;72.806
89 años;Ambos sexos;TOTAL;2000;71.229
89 años;Ambos sexos;TOTAL;1999;65.758
89 años;Ambos sexos;TOTAL;1998;62.538
90 años;Ambos sexos;TOTAL;2022;133.478
90 años;Ambos sexos;TOTAL;2021;132.669
90 años;Ambos sexos;TOTAL;2020;127.286
90 años;Ambos sexos;TOTAL;2019;123.729
90 años;Ambos sexos;TOTAL;2018;114.607
90 años;Ambos sexos;TOTAL;2017;113.963
90 años;Ambos sexos;TOTAL;2016;107.509
90 años;Ambos sexos;TOTAL;2015;105.514
90 años;Ambos sexos;TOTAL;2014;101.515
90 años;Ambos sexos;TOTAL;2013;99.347
90 años;Ambos sexos;TOTAL;2012;91.741
90 años;Ambos sexos;TOTAL;2011;85.451
90 años;Ambos sexos;TOTAL;2010;72.732
90 años;Ambos sexos;TOTAL;2009;71.630
90 años;Ambos sexos;TOTAL;2008;68.053
90 años;Ambos sexos;TOTAL;2007;66.247
90 años;Ambos sexos;TOTAL;2006;66.479
90 años;Ambos sexos;TOTAL;2005;66.761
90 años;Ambos sexos;TOTAL;2004;64.538
90 años;Ambos sexos;TOTAL;2003;64.594
90 años;Ambos sexos;TOTAL;2002;61.180
90 años;Ambos sexos;TOTAL;2001;61.905
90 años;Ambos sexos;TOTAL;2000;56.496
90 años;Ambos sexos;TOTAL;1999;53.496
90 años;Ambos sexos;TOTAL;1998;49.954
91 años;Ambos sexos;TOTAL;2022;114.206
91 años;Ambos sexos;TOTAL;2021;106.936
91 años;Ambos sexos;TOTAL;2020;106.766
91 años;Ambos sexos;TOTAL;2019;97.933
91 años;Ambos sexos;TOTAL;2018;97.190
91 años;Ambos sexos;TOTAL;2017;91.827
91 años;Ambos sexos;TOTAL;2016;89.430
91 años;Ambos sexos;TOTAL;2015;86.714
91 años;Ambos sexos;TOTAL;2014;84.317
91 años;Ambos sexos;TOTAL;2013;77.408
91 años;Ambos sexos;TOTAL;2012;72.631
91 años;Ambos sexos;TOTAL;2011;62.020
91 años;Ambos sexos;TOTAL;2010;60.794
91 años;Ambos sexos;TOTAL;2009;57.388
91 años;Ambos sexos;TOTAL;2008;55.760
91 años;Ambos sexos;TOTAL;2007;55.528
91 años;Ambos sexos;TOTAL;2006;56.001
91 años;Ambos sexos;TOTAL;2005;54.592
91 años;Ambos sexos;TOTAL;2004;53.593
91 años;Ambos sexos;TOTAL;2003;50.803
91 años;Ambos sexos;TOTAL;2002;50.966
91 años;Ambos sexos;TOTAL;2001;48.111
91 años;Ambos sexos;TOTAL;2000;45.221
91 años;Ambos sexos;TOTAL;1999;42.083
91 años;Ambos sexos;TOTAL;1998;39.471
92 años;Ambos sexos;TOTAL;2022;90.076
92 años;Ambos sexos;TOTAL;2021;87.647
92 años;Ambos sexos;TOTAL;2020;83.014
92 años;Ambos sexos;TOTAL;2019;81.611
92 años;Ambos sexos;TOTAL;2018;76.730
92 años;Ambos sexos;TOTAL;2017;74.943
92 años;Ambos sexos;TOTAL;2016;71.966
92 años;Ambos sexos;TOTAL;2015;70.875
92 años;Ambos sexos;TOTAL;2014;64.352
92 años;Ambos sexos;TOTAL;2013;60.123
92 años;Ambos sexos;TOTAL;2012;52.038
92 años;Ambos sexos;TOTAL;2011;50.991
92 años;Ambos sexos;TOTAL;2010;47.798
92 años;Ambos sexos;TOTAL;2009;46.213
92 años;Ambos sexos;TOTAL;2008;45.981
92 años;Ambos sexos;TOTAL;2007;45.930
92 años;Ambos sexos;TOTAL;2006;44.945
92 años;Ambos sexos;TOTAL;2005;44.570
92 años;Ambos sexos;TOTAL;2004;41.387
92 años;Ambos sexos;TOTAL;2003;41.559
92 años;Ambos sexos;TOTAL;2002;38.825
92 años;Ambos sexos;TOTAL;2001;38.070
92 años;Ambos sexos;TOTAL;2000;34.953
92 años;Ambos sexos;TOTAL;1999;32.618
92 años;Ambos sexos;TOTAL;1998;31.272
93 años;Ambos sexos;TOTAL;2022;72.670
93 años;Ambos sexos;TOTAL;2021;66.585
93 años;Ambos sexos;TOTAL;2020;67.545
93 años;Ambos sexos;TOTAL;2019;63.134
93 años;Ambos sexos;TOTAL;2018;61.409
93 años;Ambos sexos;TOTAL;2017;59.123
93 años;Ambos sexos;TOTAL;2016;57.493
93 años;Ambos sexos;TOTAL;2015;52.926
93 años;Ambos sexos;TOTAL;2014;49.060
93 años;Ambos sexos;TOTAL;2013;42.259
93 años;Ambos sexos;TOTAL;2012;41.911
93 años;Ambos sexos;TOTAL;2011;39.245
93 años;Ambos sexos;TOTAL;2010;37.833
93 años;Ambos sexos;TOTAL;2009;37.243
93 años;Ambos sexos;TOTAL;2008;37.252
93 años;Ambos sexos;TOTAL;2007;35.917
93 años;Ambos sexos;TOTAL;2006;36.089
93 años;Ambos sexos;TOTAL;2005;33.637
93 años;Ambos sexos;TOTAL;2004;33.121
93 años;Ambos sexos;TOTAL;2003;30.953
93 años;Ambos sexos;TOTAL;2002;29.799
93 años;Ambos sexos;TOTAL;2001;28.903
93 años;Ambos sexos;TOTAL;2000;26.759
93 años;Ambos sexos;TOTAL;1999;25.490
93 años;Ambos sexos;TOTAL;1998;22.781
94 años;Ambos sexos;TOTAL;2022;53.825
94 años;Ambos sexos;TOTAL;2021;52.909
94 años;Ambos sexos;TOTAL;2020;51.306
94 años;Ambos sexos;TOTAL;2019;49.141
94 años;Ambos sexos;TOTAL;2018;47.198
94 años;Ambos sexos;TOTAL;2017;46.060
94 años;Ambos sexos;TOTAL;2016;42.147
94 años;Ambos sexos;TOTAL;2015;39.545
94 años;Ambos sexos;TOTAL;2014;33.895
94 años;Ambos sexos;TOTAL;2013;33.290
94 años;Ambos sexos;TOTAL;2012;31.484
94 años;Ambos sexos;TOTAL;2011;30.393
94 años;Ambos sexos;TOTAL;2010;29.974
94 años;Ambos sexos;TOTAL;2009;29.652
94 años;Ambos sexos;TOTAL;2008;28.602
94 años;Ambos sexos;TOTAL;2007;28.178
94 años;Ambos sexos;TOTAL;2006;26.615
94 años;Ambos sexos;TOTAL;2005;26.492
94 años;Ambos sexos;TOTAL;2004;24.214
94 años;Ambos sexos;TOTAL;2003;23.212
94 años;Ambos sexos;TOTAL;2002;22.408
94 años;Ambos sexos;TOTAL;2001;21.713
94 años;Ambos sexos;TOTAL;2000;20.322
94 años;Ambos sexos;TOTAL;1999;17.963
94 años;Ambos sexos;TOTAL;1998;17.243
95 años;Ambos sexos;TOTAL;2022;41.659
95 años;Ambos sexos;TOTAL;2021;39.000
95 años;Ambos sexos;TOTAL;2020;39.239
95 años;Ambos sexos;TOTAL;2019;36.973
95 años;Ambos sexos;TOTAL;2018;36.054
95 años;Ambos sexos;TOTAL;2017;32.973
95 años;Ambos sexos;TOTAL;2016;30.624
95 años;Ambos sexos;TOTAL;2015;26.801
95 años;Ambos sexos;TOTAL;2014;25.866
95 años;Ambos sexos;TOTAL;2013;24.436
95 años;Ambos sexos;TOTAL;2012;23.882
95 años;Ambos sexos;TOTAL;2011;23.608
95 años;Ambos sexos;TOTAL;2010;23.288
95 años;Ambos sexos;TOTAL;2009;22.317
95 años;Ambos sexos;TOTAL;2008;21.903
95 años;Ambos sexos;TOTAL;2007;20.139
95 años;Ambos sexos;TOTAL;2006;20.584
95 años;Ambos sexos;TOTAL;2005;18.992
95 años;Ambos sexos;TOTAL;2004;17.674
95 años;Ambos sexos;TOTAL;2003;17.170
95 años;Ambos sexos;TOTAL;2002;16.371
95 años;Ambos sexos;TOTAL;2001;16.387
95 años;Ambos sexos;TOTAL;2000;14.162
95 años;Ambos sexos;TOTAL;1999;13.371
95 años;Ambos sexos;TOTAL;1998;12.803
96 años;Ambos sexos;TOTAL;2022;30.075
96 años;Ambos sexos;TOTAL;2021;29.095
96 años;Ambos sexos;TOTAL;2020;28.606
96 años;Ambos sexos;TOTAL;2019;27.452
96 años;Ambos sexos;TOTAL;2018;25.009
96 años;Ambos sexos;TOTAL;2017;23.480
96 años;Ambos sexos;TOTAL;2016;20.365
96 años;Ambos sexos;TOTAL;2015;19.945
96 años;Ambos sexos;TOTAL;2014;18.697
96 años;Ambos sexos;TOTAL;2013;18.190
96 años;Ambos sexos;TOTAL;2012;18.080
96 años;Ambos sexos;TOTAL;2011;18.004
96 años;Ambos sexos;TOTAL;2010;17.087
96 años;Ambos sexos;TOTAL;2009;16.685
96 años;Ambos sexos;TOTAL;2008;15.278
96 años;Ambos sexos;TOTAL;2007;15.096
96 años;Ambos sexos;TOTAL;2006;14.546
96 años;Ambos sexos;TOTAL;2005;13.610
96 años;Ambos sexos;TOTAL;2004;12.860
96 años;Ambos sexos;TOTAL;2003;12.167
96 años;Ambos sexos;TOTAL;2002;12.104
96 años;Ambos sexos;TOTAL;2001;11.115
96 años;Ambos sexos;TOTAL;2000;10.476
96 años;Ambos sexos;TOTAL;1999;9.750
96 años;Ambos sexos;TOTAL;1998;8.613
97 años;Ambos sexos;TOTAL;2022;21.861
97 años;Ambos sexos;TOTAL;2021;20.612
97 años;Ambos sexos;TOTAL;2020;20.746
97 años;Ambos sexos;TOTAL;2019;18.568
97 años;Ambos sexos;TOTAL;2018;17.366
97 años;Ambos sexos;TOTAL;2017;15.323
97 años;Ambos sexos;TOTAL;2016;14.760
97 años;Ambos sexos;TOTAL;2015;14.264
97 años;Ambos sexos;TOTAL;2014;13.708
97 años;Ambos sexos;TOTAL;2013;13.413
97 años;Ambos sexos;TOTAL;2012;13.658
97 años;Ambos sexos;TOTAL;2011;12.926
97 años;Ambos sexos;TOTAL;2010;12.610
97 años;Ambos sexos;TOTAL;2009;11.270
97 años;Ambos sexos;TOTAL;2008;11.119
97 años;Ambos sexos;TOTAL;2007;10.292
97 años;Ambos sexos;TOTAL;2006;10.183
97 años;Ambos sexos;TOTAL;2005;9.863
97 años;Ambos sexos;TOTAL;2004;8.982
97 años;Ambos sexos;TOTAL;2003;8.854
97 años;Ambos sexos;TOTAL;2002;8.017
97 años;Ambos sexos;TOTAL;2001;8.064
97 años;Ambos sexos;TOTAL;2000;7.511
97 años;Ambos sexos;TOTAL;1999;6.495
97 años;Ambos sexos;TOTAL;1998;8.736
98 años;Ambos sexos;TOTAL;2022;15.165
98 años;Ambos sexos;TOTAL;2021;14.568
98 años;Ambos sexos;TOTAL;2020;13.644
98 años;Ambos sexos;TOTAL;2019;12.577
98 años;Ambos sexos;TOTAL;2018;11.154
98 años;Ambos sexos;TOTAL;2017;10.767
98 años;Ambos sexos;TOTAL;2016;10.232
98 años;Ambos sexos;TOTAL;2015;10.121
98 años;Ambos sexos;TOTAL;2014;9.916
98 años;Ambos sexos;TOTAL;2013;9.966
98 años;Ambos sexos;TOTAL;2012;9.609
98 años;Ambos sexos;TOTAL;2011;9.385
98 años;Ambos sexos;TOTAL;2010;8.378
98 años;Ambos sexos;TOTAL;2009;8.104
98 años;Ambos sexos;TOTAL;2008;7.407
98 años;Ambos sexos;TOTAL;2007;6.948
98 años;Ambos sexos;TOTAL;2006;7.203
98 años;Ambos sexos;TOTAL;2005;6.759
98 años;Ambos sexos;TOTAL;2004;6.335
98 años;Ambos sexos;TOTAL;2003;5.683
98 años;Ambos sexos;TOTAL;2002;5.650
98 años;Ambos sexos;TOTAL;2001;5.774
98 años;Ambos sexos;TOTAL;2000;4.888
98 años;Ambos sexos;TOTAL;1999;6.884
98 años;Ambos sexos;TOTAL;1998;3.430
99 años;Ambos sexos;TOTAL;2022;10.498
99 años;Ambos sexos;TOTAL;2021;9.424
99 años;Ambos sexos;TOTAL;2020;9.077
99 años;Ambos sexos;TOTAL;2019;8.037
99 años;Ambos sexos;TOTAL;2018;7.710
99 años;Ambos sexos;TOTAL;2017;7.355
99 años;Ambos sexos;TOTAL;2016;7.196
99 años;Ambos sexos;TOTAL;2015;7.281
99 años;Ambos sexos;TOTAL;2014;7.171
99 años;Ambos sexos;TOTAL;2013;6.846
99 años;Ambos sexos;TOTAL;2012;6.808
99 años;Ambos sexos;TOTAL;2011;6.150
99 años;Ambos sexos;TOTAL;2010;5.950
99 años;Ambos sexos;TOTAL;2009;5.310
99 años;Ambos sexos;TOTAL;2008;4.841
99 años;Ambos sexos;TOTAL;2007;4.811
99 años;Ambos sexos;TOTAL;2006;4.892
99 años;Ambos sexos;TOTAL;2005;4.687
99 años;Ambos sexos;TOTAL;2004;4.034
99 años;Ambos sexos;TOTAL;2003;3.912
99 años;Ambos sexos;TOTAL;2002;3.990
99 años;Ambos sexos;TOTAL;2001;3.787
99 años;Ambos sexos;TOTAL;2000;5.583
99 años;Ambos sexos;TOTAL;1999;2.569
99 años;Ambos sexos;TOTAL;1998;2.008
100 años y más;Ambos sexos;TOTAL;2022;19.639
100 años y más;Ambos sexos;TOTAL;2021;18.020
100 años y más;Ambos sexos;TOTAL;2020;17.308
100 años y más;Ambos sexos;TOTAL;2019;16.303
100 años y más;Ambos sexos;TOTAL;2018;15.507
100 años y más;Ambos sexos;TOTAL;2017;15.381
100 años y más;Ambos sexos;TOTAL;2016;14.863
100 años y más;Ambos sexos;TOTAL;2015;14.487
100 años y más;Ambos sexos;TOTAL;2014;13.165
100 años y más;Ambos sexos;TOTAL;2013;12.087
100 años y más;Ambos sexos;TOTAL;2012;11.156
100 años y más;Ambos sexos;TOTAL;2011;10.273
100 años y más;Ambos sexos;TOTAL;2010;9.267
100 años y más;Ambos sexos;TOTAL;2009;8.249
100 años y más;Ambos sexos;TOTAL;2008;7.328
100 años y más;Ambos sexos;TOTAL;2007;7.959
100 años y más;Ambos sexos;TOTAL;2006;10.077
100 años y más;Ambos sexos;TOTAL;2005;8.941
100 años y más;Ambos sexos;TOTAL;2004;9.160
100 años y más;Ambos sexos;TOTAL;2003;9.174
100 años y más;Ambos sexos;TOTAL;2002;8.719
100 años y más;Ambos sexos;TOTAL;2001;8.766
100 años y más;Ambos sexos;TOTAL;2000;5.760
100 años y más;Ambos sexos;TOTAL;1999;4.680
100 años y más;Ambos sexos;TOTAL;1998;3.474
